Type;StatusCode;TalendDate;ActivityDate;moving_time;distance;total_elevation_gain;distance_original;gear_id;average_cadence;averange_heartrate;average_watts;weighted_watts
ACTIVITY;200;2020-10-15 14:35:51;2020-10-14;1:10:59;25;367;24868.3
ACTIVITY;200;2020-10-15 14:35:51;2020-10-13;1:24:45;38;782;38002.2
ACTIVITY;200;2020-10-15 14:35:51;2020-10-12;1:22:36;37;787;37397.4
ACTIVITY;200;2020-10-15 14:35:51;2020-10-10;7:48:52;145;3823;144831.0
ACTIVITY;200;2020-10-15 14:35:51;2020-10-08;1:22:5;38;827;37972.9
ACTIVITY;200;2020-10-15 14:35:51;2020-10-07;1:9:46;35;354;34607.1
ACTIVITY;200;2020-10-15 14:35:51;2020-10-06;1:18:29;38;677;37668.4
ACTIVITY;200;2020-10-15 14:35:51;2020-10-05;1:21:21;34;738;34187.2
ACTIVITY;200;2020-10-15 14:35:51;2020-10-04;4:31:16;104;2673;103892.0
ACTIVITY;200;2020-10-15 14:35:51;2020-10-03;1:56:55;57;469;56554.9
ACTIVITY;200;2020-10-15 14:35:51;2020-10-01;1:13:1;33;713;33089.5
ACTIVITY;200;2020-10-15 14:35:51;2020-09-30;1:5:38;32;243;31732.4
ACTIVITY;200;2020-10-15 14:35:51;2020-09-29;1:13:1;34;639;34335.2
ACTIVITY;200;2020-10-15 14:35:51;2020-09-28;1:2:11;27;499;26834.0
ACTIVITY;200;2020-10-15 14:35:51;2020-09-27;3:29:48;100;1022;100397.0
ACTIVITY;200;2020-10-15 14:35:51;2020-09-26;7:50:31;171;4016;171269.0
ACTIVITY;200;2020-10-15 14:35:51;2020-09-25;1:1:42;30;267;30246.5
ACTIVITY;200;2020-10-15 14:35:51;2020-09-24;1:2:11;22;320;22351.3
ACTIVITY;200;2020-10-15 14:35:51;2020-09-23;1:7:54;19;553;18521.5
ACTIVITY;200;2020-10-15 14:35:51;2020-09-22;3:41:47;67;1802;67150.7
ACTIVITY;200;2020-10-15 14:35:51;2020-09-22;0:42:57;21;211;21244.7
ACTIVITY;200;2020-10-15 14:35:51;2020-09-20;1:15:39;31;727;30940.9
ACTIVITY;200;2020-10-15 14:35:51;2020-09-19;4:2:50;111;1740;110968.0
ACTIVITY;200;2020-10-15 14:35:51;2020-09-18;1:41:14;42;1001;42115.3
ACTIVITY;200;2020-10-15 14:35:51;2020-09-17;1:13:56;33;620;32616.0
ACTIVITY;200;2020-10-15 14:35:51;2020-09-16;1:3:28;23;394;22838.3
ACTIVITY;200;2020-10-15 14:35:51;2020-09-15;1:3:20;23;462;23301.4
ACTIVITY;200;2020-10-15 14:35:51;2020-09-14;1:5:9;31;206;30744.7
ACTIVITY;200;2020-10-15 14:35:51;2020-09-13;3:42:11;122;636;122167.0
ACTIVITY;200;2020-10-15 14:35:51;2020-09-12;4:49:44;120;2733;119997.0
ACTIVITY;200;2020-10-15 14:43:06;2020-10-14;1:10:59;25;367;24868.3;b8003037;70;126.8;102.5;
ACTIVITY;200;2020-10-15 14:43:06;2020-10-13;1:24:45;38;782;38002.2;b8003037;75;152.4;182.5;245
ACTIVITY;200;2020-10-15 14:43:06;2020-10-12;1:22:36;37;787;37397.4;b8003037;73;154.7;195.7;257
ACTIVITY;200;2020-10-15 14:43:06;2020-10-10;7:48:52;145;3823;144831.0;b7481036;65;139.5;150.4;
ACTIVITY;200;2020-10-15 14:43:06;2020-10-08;1:22:5;38;827;37972.9;b8003037;78;156.9;194.3;252
ACTIVITY;200;2020-10-15 14:43:06;2020-10-07;1:9:46;35;354;34607.1;b8003037;80;147.2;158.3;221
ACTIVITY;200;2020-10-15 14:43:06;2020-10-06;1:18:29;38;677;37668.4;b8003037;79;155.5;183.6;250
ACTIVITY;200;2020-10-15 14:43:06;2020-10-05;1:21:21;34;738;34187.2;b8003037;73;146.2;162.8;224
ACTIVITY;200;2020-10-15 14:43:06;2020-10-04;4:31:16;104;2673;103892.0;b8003037;73;148.2;162.1;206
ACTIVITY;200;2020-10-15 14:43:06;2020-10-03;1:56:55;57;469;56554.9;b8003037;81;150.9;160.3;216
ACTIVITY;200;2020-10-15 14:43:06;2020-10-01;1:13:1;33;713;33089.5;b8003037;77;152.3;175.1;252
ACTIVITY;200;2020-10-15 14:43:06;2020-09-30;1:5:38;32;243;31732.4;b8003037;82;137.2;146.0;188
ACTIVITY;200;2020-10-15 14:43:06;2020-09-29;1:13:1;34;639;34335.2;b8003037;80;154.9;188.5;244
ACTIVITY;200;2020-10-15 14:43:06;2020-09-28;1:2:11;27;499;26834.0;b8003037;74;142.9;160.0;228
ACTIVITY;200;2020-10-15 14:43:06;2020-09-27;3:29:48;100;1022;100397.0;b8003037;80;143.0;149.5;188
ACTIVITY;200;2020-10-15 14:43:06;2020-09-26;7:50:31;171;4016;171269.0;b8003037;72;145.8;142.6;192
ACTIVITY;200;2020-10-15 14:43:06;2020-09-25;1:1:42;30;267;30246.5;b8003037;81;150.9;150.2;191
ACTIVITY;200;2020-10-15 14:43:06;2020-09-24;1:2:11;22;320;22351.3;b7481036;73;135.4;143.5;
ACTIVITY;200;2020-10-15 14:43:06;2020-09-23;1:7:54;19;553;18521.5;b7481036;61;131.3;137.5;
ACTIVITY;200;2020-10-15 14:43:06;2020-09-22;3:41:47;67;1802;67150.7;b7481036;64;138.2;151.4;
ACTIVITY;200;2020-10-15 14:43:06;2020-09-22;0:42:57;21;211;21244.7;b8003037;82;147.6;158.2;206
ACTIVITY;200;2020-10-15 14:43:06;2020-09-20;1:15:39;31;727;30940.9;b8003037;74;144.2;168.8;208
ACTIVITY;200;2020-10-15 14:43:06;2020-09-19;4:2:50;111;1740;110968.0;b8003037;79;149.7;179.8;210
ACTIVITY;200;2020-10-15 14:43:06;2020-09-18;1:41:14;42;1001;42115.3;b8003037;77;148.4;178.8;237
ACTIVITY;200;2020-10-15 14:43:06;2020-09-17;1:13:56;33;620;32616.0;b8003037;77;158.4;186.6;253
ACTIVITY;200;2020-10-15 14:43:06;2020-09-16;1:3:28;23;394;22838.3;b7481036;71;136.6;152.1;
ACTIVITY;200;2020-10-15 14:43:06;2020-09-15;1:3:20;23;462;23301.4;b7481036;68;145.9;163.6;
ACTIVITY;200;2020-10-15 14:43:06;2020-09-14;1:5:9;31;206;30744.7;b8003037;80;133.9;135.3;158
ACTIVITY;200;2020-10-15 14:43:06;2020-09-13;3:42:11;122;636;122167.0;b8003037;80;161.5;180.5;212
ACTIVITY;200;2020-10-15 14:43:06;2020-09-12;4:49:44;120;2733;119997.0;b8003037;75;160.4;179.5;207
ACTIVITY;200;2020-10-15 14:45:02;2020-10-14;1:10:59;25;367;69.6;b8003037;70;126.8;102.5;
ACTIVITY;200;2020-10-15 14:45:02;2020-10-13;1:24:45;38;782;75.6;b8003037;75;152.4;182.5;245
ACTIVITY;200;2020-10-15 14:45:02;2020-10-12;1:22:36;37;787;73.7;b8003037;73;154.7;195.7;257
ACTIVITY;200;2020-10-15 14:45:02;2020-10-10;7:48:52;145;3823;65.0;b7481036;65;139.5;150.4;
ACTIVITY;200;2020-10-15 14:45:02;2020-10-08;1:22:5;38;827;77.2;b8003037;78;156.9;194.3;252
ACTIVITY;200;2020-10-15 14:45:02;2020-10-07;1:9:46;35;354;80.5;b8003037;80;147.2;158.3;221
ACTIVITY;200;2020-10-15 14:45:02;2020-10-06;1:18:29;38;677;78.3;b8003037;79;155.5;183.6;250
ACTIVITY;200;2020-10-15 14:45:02;2020-10-05;1:21:21;34;738;73.9;b8003037;73;146.2;162.8;224
ACTIVITY;200;2020-10-15 14:45:02;2020-10-04;4:31:16;104;2673;73.1;b8003037;73;148.2;162.1;206
ACTIVITY;200;2020-10-15 14:45:02;2020-10-03;1:56:55;57;469;81.5;b8003037;81;150.9;160.3;216
ACTIVITY;200;2020-10-15 14:45:02;2020-10-01;1:13:1;33;713;76.5;b8003037;77;152.3;175.1;252
ACTIVITY;200;2020-10-15 14:45:02;2020-09-30;1:5:38;32;243;82.1;b8003037;82;137.2;146.0;188
ACTIVITY;200;2020-10-15 14:45:02;2020-09-29;1:13:1;34;639;79.3;b8003037;80;154.9;188.5;244
ACTIVITY;200;2020-10-15 14:45:02;2020-09-28;1:2:11;27;499;74.4;b8003037;74;142.9;160.0;228
ACTIVITY;200;2020-10-15 14:45:02;2020-09-27;3:29:48;100;1022;80.3;b8003037;80;143.0;149.5;188
ACTIVITY;200;2020-10-15 14:45:02;2020-09-26;7:50:31;171;4016;72.8;b8003037;72;145.8;142.6;192
ACTIVITY;200;2020-10-15 14:45:02;2020-09-25;1:1:42;30;267;81.6;b8003037;81;150.9;150.2;191
ACTIVITY;200;2020-10-15 14:45:02;2020-09-24;1:2:11;22;320;73.1;b7481036;73;135.4;143.5;
ACTIVITY;200;2020-10-15 14:45:02;2020-09-23;1:7:54;19;553;61.5;b7481036;61;131.3;137.5;
ACTIVITY;200;2020-10-15 14:45:02;2020-09-22;3:41:47;67;1802;64.1;b7481036;64;138.2;151.4;
ACTIVITY;200;2020-10-15 14:45:02;2020-09-22;0:42:57;21;211;82.2;b8003037;82;147.6;158.2;206
ACTIVITY;200;2020-10-15 14:45:02;2020-09-20;1:15:39;31;727;74.5;b8003037;74;144.2;168.8;208
ACTIVITY;200;2020-10-15 14:45:02;2020-09-19;4:2:50;111;1740;78.1;b8003037;79;149.7;179.8;210
ACTIVITY;200;2020-10-15 14:45:02;2020-09-18;1:41:14;42;1001;76.7;b8003037;77;148.4;178.8;237
ACTIVITY;200;2020-10-15 14:45:02;2020-09-17;1:13:56;33;620;76.4;b8003037;77;158.4;186.6;253
ACTIVITY;200;2020-10-15 14:45:02;2020-09-16;1:3:28;23;394;71.6;b7481036;71;136.6;152.1;
ACTIVITY;200;2020-10-15 14:45:02;2020-09-15;1:3:20;23;462;67.1;b7481036;68;145.9;163.6;
ACTIVITY;200;2020-10-15 14:45:02;2020-09-14;1:5:9;31;206;79.6;b8003037;80;133.9;135.3;158
ACTIVITY;200;2020-10-15 14:45:02;2020-09-13;3:42:11;122;636;80.4;b8003037;80;161.5;180.5;212
ACTIVITY;200;2020-10-15 14:45:02;2020-09-12;4:49:44;120;2733;75.2;b8003037;75;160.4;179.5;207
ACTIVITY;200;2020-10-15 14:50:59;2020-10-14;1:10:59;25;367;69.6;b8003037;70;126.8;102.5;
ACTIVITY;200;2020-10-15 14:50:59;2020-10-13;1:24:45;38;782;75.6;b8003037;76;152.4;182.5;245
ACTIVITY;200;2020-10-15 14:50:59;2020-10-12;1:22:36;37;787;73.7;b8003037;74;154.7;195.7;257
ACTIVITY;200;2020-10-15 14:50:59;2020-10-10;7:48:52;145;3823;65.0;b7481036;65;139.5;150.4;
ACTIVITY;200;2020-10-15 14:50:59;2020-10-08;1:22:5;38;827;77.2;b8003037;77;156.9;194.3;252
ACTIVITY;200;2020-10-15 14:50:59;2020-10-07;1:9:46;35;354;80.5;b8003037;80;147.2;158.3;221
ACTIVITY;200;2020-10-15 14:50:59;2020-10-06;1:18:29;38;677;78.3;b8003037;78;155.5;183.6;250
ACTIVITY;200;2020-10-15 14:50:59;2020-10-05;1:21:21;34;738;73.9;b8003037;74;146.2;162.8;224
ACTIVITY;200;2020-10-15 14:50:59;2020-10-04;4:31:16;104;2673;73.1;b8003037;73;148.2;162.1;206
ACTIVITY;200;2020-10-15 14:50:59;2020-10-03;1:56:55;57;469;81.5;b8003037;81;150.9;160.3;216
ACTIVITY;200;2020-10-15 14:50:59;2020-10-01;1:13:1;33;713;76.5;b8003037;76;152.3;175.1;252
ACTIVITY;200;2020-10-15 14:50:59;2020-09-30;1:5:38;32;243;82.1;b8003037;82;137.2;146.0;188
ACTIVITY;200;2020-10-15 14:50:59;2020-09-29;1:13:1;34;639;79.3;b8003037;79;154.9;188.5;244
ACTIVITY;200;2020-10-15 14:50:59;2020-09-28;1:2:11;27;499;74.4;b8003037;74;142.9;160.0;228
ACTIVITY;200;2020-10-15 14:50:59;2020-09-27;3:29:48;100;1022;80.3;b8003037;80;143.0;149.5;188
ACTIVITY;200;2020-10-15 14:50:59;2020-09-26;7:50:31;171;4016;72.8;b8003037;73;145.8;142.6;192
ACTIVITY;200;2020-10-15 14:50:59;2020-09-25;1:1:42;30;267;81.6;b8003037;82;150.9;150.2;191
ACTIVITY;200;2020-10-15 14:50:59;2020-09-24;1:2:11;22;320;73.1;b7481036;73;135.4;143.5;
ACTIVITY;200;2020-10-15 14:50:59;2020-09-23;1:7:54;19;553;61.5;b7481036;61;131.3;137.5;
ACTIVITY;200;2020-10-15 14:50:59;2020-09-22;3:41:47;67;1802;64.1;b7481036;64;138.2;151.4;
ACTIVITY;200;2020-10-15 14:50:59;2020-09-22;0:42:57;21;211;82.2;b8003037;82;147.6;158.2;206
ACTIVITY;200;2020-10-15 14:50:59;2020-09-20;1:15:39;31;727;74.5;b8003037;74;144.2;168.8;208
ACTIVITY;200;2020-10-15 14:50:59;2020-09-19;4:2:50;111;1740;78.1;b8003037;78;149.7;179.8;210
ACTIVITY;200;2020-10-15 14:50:59;2020-09-18;1:41:14;42;1001;76.7;b8003037;77;148.4;178.8;237
ACTIVITY;200;2020-10-15 14:50:59;2020-09-17;1:13:56;33;620;76.4;b8003037;76;158.4;186.6;253
ACTIVITY;200;2020-10-15 14:50:59;2020-09-16;1:3:28;23;394;71.6;b7481036;72;136.6;152.1;
ACTIVITY;200;2020-10-15 14:50:59;2020-09-15;1:3:20;23;462;67.1;b7481036;67;145.9;163.6;
ACTIVITY;200;2020-10-15 14:50:59;2020-09-14;1:5:9;31;206;79.6;b8003037;80;133.9;135.3;158
ACTIVITY;200;2020-10-15 14:50:59;2020-09-13;3:42:11;122;636;80.4;b8003037;80;161.5;180.5;212
ACTIVITY;200;2020-10-15 14:50:59;2020-09-12;4:49:44;120;2733;75.2;b8003037;75;160.4;179.5;207
ACTIVITY;200;2020-10-15 14:58:05;2020-10-14;1:10:59;25;367;69.6;b8003037;70;127;;
ACTIVITY;200;2020-10-15 14:58:05;2020-10-13;1:24:45;38;782;75.6;b8003037;76;152;183;245
ACTIVITY;200;2020-10-15 14:58:05;2020-10-12;1:22:36;37;787;73.7;b8003037;74;155;196;257
ACTIVITY;200;2020-10-15 14:58:05;2020-10-10;7:48:52;145;3823;65.0;b7481036;65;140;;
ACTIVITY;200;2020-10-15 14:58:05;2020-10-08;1:22:5;38;827;77.2;b8003037;77;157;194;252
ACTIVITY;200;2020-10-15 14:58:05;2020-10-07;1:9:46;35;354;80.5;b8003037;81;147;158;221
ACTIVITY;200;2020-10-15 14:58:05;2020-10-06;1:18:29;38;677;78.3;b8003037;78;156;184;250
ACTIVITY;200;2020-10-15 14:58:05;2020-10-05;1:21:21;34;738;73.9;b8003037;74;146;163;224
ACTIVITY;200;2020-10-15 14:58:05;2020-10-04;4:31:16;104;2673;73.1;b8003037;73;148;162;206
ACTIVITY;200;2020-10-15 14:58:05;2020-10-03;1:56:55;57;469;81.5;b8003037;82;151;160;216
ACTIVITY;200;2020-10-15 14:58:05;2020-10-01;1:13:1;33;713;76.5;b8003037;77;152;175;252
ACTIVITY;200;2020-10-15 14:58:05;2020-09-30;1:5:38;32;243;82.1;b8003037;82;137;146;188
ACTIVITY;200;2020-10-15 14:58:05;2020-09-29;1:13:1;34;639;79.3;b8003037;79;155;189;244
ACTIVITY;200;2020-10-15 14:58:05;2020-09-28;1:2:11;27;499;74.4;b8003037;74;143;160;228
ACTIVITY;200;2020-10-15 14:58:05;2020-09-27;3:29:48;100;1022;80.3;b8003037;80;143;150;188
ACTIVITY;200;2020-10-15 14:58:05;2020-09-26;7:50:31;171;4016;72.8;b8003037;73;146;143;192
ACTIVITY;200;2020-10-15 14:58:05;2020-09-25;1:1:42;30;267;81.6;b8003037;82;151;150;191
ACTIVITY;200;2020-10-15 14:58:05;2020-09-24;1:2:11;22;320;73.1;b7481036;73;135;;
ACTIVITY;200;2020-10-15 14:58:05;2020-09-23;1:7:54;19;553;61.5;b7481036;62;131;;
ACTIVITY;200;2020-10-15 14:58:05;2020-09-22;3:41:47;67;1802;64.1;b7481036;64;138;;
ACTIVITY;200;2020-10-15 14:58:05;2020-09-22;0:42:57;21;211;82.2;b8003037;82;148;158;206
ACTIVITY;200;2020-10-15 14:58:05;2020-09-20;1:15:39;31;727;74.5;b8003037;75;144;169;208
ACTIVITY;200;2020-10-15 14:58:05;2020-09-19;4:2:50;111;1740;78.1;b8003037;78;150;180;210
ACTIVITY;200;2020-10-15 14:58:05;2020-09-18;1:41:14;42;1001;76.7;b8003037;77;148;179;237
ACTIVITY;200;2020-10-15 14:58:05;2020-09-17;1:13:56;33;620;76.4;b8003037;76;158;187;253
ACTIVITY;200;2020-10-15 14:58:05;2020-09-16;1:3:28;23;394;71.6;b7481036;72;137;;
ACTIVITY;200;2020-10-15 14:58:05;2020-09-15;1:3:20;23;462;67.1;b7481036;67;146;;
ACTIVITY;200;2020-10-15 14:58:05;2020-09-14;1:5:9;31;206;79.6;b8003037;80;134;135;158
ACTIVITY;200;2020-10-15 14:58:05;2020-09-13;3:42:11;122;636;80.4;b8003037;80;162;181;212
ACTIVITY;200;2020-10-15 14:58:05;2020-09-12;4:49:44;120;2733;75.2;b8003037;75;160;180;207
ACTIVITY;200;2020-10-15 20:49:32;2020-10-14;1:10:59;25;367;b8003037;70;127;;
ACTIVITY;200;2020-10-15 20:49:32;2020-10-13;1:24:45;38;782;b8003037;76;152;183;245
ACTIVITY;200;2020-10-15 20:49:32;2020-10-12;1:22:36;37;787;b8003037;74;155;196;257
ACTIVITY;200;2020-10-15 20:49:32;2020-10-10;7:48:52;145;3823;b7481036;65;140;;
ACTIVITY;200;2020-10-15 20:49:32;2020-10-08;1:22:5;38;827;b8003037;77;157;194;252
ACTIVITY;200;2020-10-15 20:49:32;2020-10-07;1:9:46;35;354;b8003037;81;147;158;221
ACTIVITY;200;2020-10-15 20:49:32;2020-10-06;1:18:29;38;677;b8003037;78;156;184;250
ACTIVITY;200;2020-10-15 20:49:32;2020-10-05;1:21:21;34;738;b8003037;74;146;163;224
ACTIVITY;200;2020-10-15 20:49:32;2020-10-04;4:31:16;104;2673;b8003037;73;148;162;206
ACTIVITY;200;2020-10-15 20:49:32;2020-10-03;1:56:55;57;469;b8003037;82;151;160;216
ACTIVITY;200;2020-10-15 20:49:32;2020-10-01;1:13:1;33;713;b8003037;77;152;175;252
ACTIVITY;200;2020-10-15 20:49:32;2020-09-30;1:5:38;32;243;b8003037;82;137;146;188
ACTIVITY;200;2020-10-15 20:49:32;2020-09-29;1:13:1;34;639;b8003037;79;155;189;244
ACTIVITY;200;2020-10-15 20:49:32;2020-09-28;1:2:11;27;499;b8003037;74;143;160;228
ACTIVITY;200;2020-10-15 20:49:32;2020-09-27;3:29:48;100;1022;b8003037;80;143;150;188
ACTIVITY;200;2020-10-15 20:49:32;2020-09-26;7:50:31;171;4016;b8003037;73;146;143;192
ACTIVITY;200;2020-10-15 20:49:32;2020-09-25;1:1:42;30;267;b8003037;82;151;150;191
ACTIVITY;200;2020-10-15 20:49:32;2020-09-24;1:2:11;22;320;b7481036;73;135;;
ACTIVITY;200;2020-10-15 20:49:32;2020-09-23;1:7:54;19;553;b7481036;62;131;;
ACTIVITY;200;2020-10-15 20:49:32;2020-09-22;3:41:47;67;1802;b7481036;64;138;;
ACTIVITY;200;2020-10-15 20:49:32;2020-09-22;0:42:57;21;211;b8003037;82;148;158;206
ACTIVITY;200;2020-10-15 20:49:32;2020-09-20;1:15:39;31;727;b8003037;75;144;169;208
ACTIVITY;200;2020-10-15 20:49:32;2020-09-19;4:2:50;111;1740;b8003037;78;150;180;210
ACTIVITY;200;2020-10-15 20:49:32;2020-09-18;1:41:14;42;1001;b8003037;77;148;179;237
ACTIVITY;200;2020-10-15 20:49:32;2020-09-17;1:13:56;33;620;b8003037;76;158;187;253
ACTIVITY;200;2020-10-15 20:49:32;2020-09-16;1:3:28;23;394;b7481036;72;137;;
ACTIVITY;200;2020-10-15 20:49:32;2020-09-15;1:3:20;23;462;b7481036;67;146;;
ACTIVITY;200;2020-10-15 20:49:32;2020-09-14;1:5:9;31;206;b8003037;80;134;135;158
ACTIVITY;200;2020-10-15 20:49:32;2020-09-13;3:42:11;122;636;b8003037;80;162;181;212
ACTIVITY;200;2020-10-15 20:49:32;2020-09-12;4:49:44;120;2733;b8003037;75;160;180;207
ACTIVITY;200;2020-10-19 08:47:00;2020-10-18;7:0:40;145;3642;b8003037;68;;140;189
ACTIVITY;200;2020-10-19 08:47:00;2020-10-17;7:50:38;191;3584;b8003037;71;143;156;207
ACTIVITY;200;2020-10-19 08:47:00;2020-10-16;1:29:28;26;621;b7481036;67;132;;
ACTIVITY;200;2020-10-19 08:47:00;2020-10-14;1:10:59;25;367;b8003037;70;127;;
ACTIVITY;200;2020-10-19 08:47:00;2020-10-13;1:24:45;38;782;b8003037;76;152;183;245
ACTIVITY;200;2020-10-19 08:47:00;2020-10-12;1:22:36;37;787;b8003037;74;155;196;257
ACTIVITY;200;2020-10-19 08:47:00;2020-10-10;7:48:52;145;3823;b7481036;65;140;;
ACTIVITY;200;2020-10-19 08:47:00;2020-10-08;1:22:5;38;827;b8003037;77;157;194;252
ACTIVITY;200;2020-10-19 08:47:00;2020-10-07;1:9:46;35;354;b8003037;81;147;158;221
ACTIVITY;200;2020-10-19 08:47:00;2020-10-06;1:18:29;38;677;b8003037;78;156;184;250
ACTIVITY;200;2020-10-19 08:47:00;2020-10-05;1:21:21;34;738;b8003037;74;146;163;224
ACTIVITY;200;2020-10-19 08:47:00;2020-10-04;4:31:16;104;2673;b8003037;73;148;162;206
ACTIVITY;200;2020-10-19 08:47:00;2020-10-03;1:56:55;57;469;b8003037;82;151;160;216
ACTIVITY;200;2020-10-19 08:47:00;2020-10-01;1:13:1;33;713;b8003037;77;152;175;252
ACTIVITY;200;2020-10-19 08:47:00;2020-09-30;1:5:38;32;243;b8003037;82;137;146;188
ACTIVITY;200;2020-10-19 08:47:00;2020-09-29;1:13:1;34;639;b8003037;79;155;189;244
ACTIVITY;200;2020-10-19 08:47:00;2020-09-28;1:2:11;27;499;b8003037;74;143;160;228
ACTIVITY;200;2020-10-19 08:47:00;2020-09-27;3:29:48;100;1022;b8003037;80;143;150;188
ACTIVITY;200;2020-10-19 08:47:00;2020-09-26;7:50:31;171;4016;b8003037;73;146;143;192
ACTIVITY;200;2020-10-19 08:47:00;2020-09-25;1:1:42;30;267;b8003037;82;151;150;191
ACTIVITY;200;2020-10-19 08:47:00;2020-09-24;1:2:11;22;320;b7481036;73;135;;
ACTIVITY;200;2020-10-19 08:47:00;2020-09-23;1:7:54;19;553;b7481036;62;131;;
ACTIVITY;200;2020-10-19 08:47:00;2020-09-22;3:41:47;67;1802;b7481036;64;138;;
ACTIVITY;200;2020-10-19 08:47:00;2020-09-22;0:42:57;21;211;b8003037;82;148;158;206
ACTIVITY;200;2020-10-19 08:47:00;2020-09-20;1:15:39;31;727;b8003037;75;144;169;208
ACTIVITY;200;2020-10-19 08:47:00;2020-09-19;4:2:50;111;1740;b8003037;78;150;180;210
ACTIVITY;200;2020-10-19 08:47:00;2020-09-18;1:41:14;42;1001;b8003037;77;148;179;237
ACTIVITY;200;2020-10-19 08:47:00;2020-09-17;1:13:56;33;620;b8003037;76;158;187;253
ACTIVITY;200;2020-10-19 08:47:00;2020-09-16;1:3:28;23;394;b7481036;72;137;;
ACTIVITY;200;2020-10-19 08:47:00;2020-09-15;1:3:20;23;462;b7481036;67;146;;
ACTIVITY;200;2020-10-20 21:29:02;2020-10-20;1:0:5;11;290;g7147899;;;;
ACTIVITY;200;2020-10-20 21:29:02;2020-10-18;7:0:40;145;3642;b8003037;68;;140;189
ACTIVITY;200;2020-10-20 21:29:02;2020-10-17;7:50:38;191;3584;b8003037;71;143;156;207
ACTIVITY;200;2020-10-20 21:29:02;2020-10-16;1:29:28;26;621;b7481036;67;132;;
ACTIVITY;200;2020-10-20 21:29:02;2020-10-14;1:10:59;25;367;b8003037;70;127;;
ACTIVITY;200;2020-10-20 21:29:02;2020-10-13;1:24:45;38;782;b8003037;76;152;183;245
ACTIVITY;200;2020-10-20 21:29:02;2020-10-12;1:22:36;37;787;b8003037;74;155;196;257
ACTIVITY;200;2020-10-20 21:29:02;2020-10-10;7:48:52;145;3823;b7481036;65;140;;
ACTIVITY;200;2020-10-20 21:29:02;2020-10-08;1:22:5;38;827;b8003037;77;157;194;252
ACTIVITY;200;2020-10-20 21:29:02;2020-10-07;1:9:46;35;354;b8003037;81;147;158;221
ACTIVITY;200;2020-10-20 21:29:02;2020-10-06;1:18:29;38;677;b8003037;78;156;184;250
ACTIVITY;200;2020-10-20 21:29:02;2020-10-05;1:21:21;34;738;b8003037;74;146;163;224
ACTIVITY;200;2020-10-20 21:29:02;2020-10-04;4:31:16;104;2673;b8003037;73;148;162;206
ACTIVITY;200;2020-10-20 21:29:02;2020-10-03;1:56:55;57;469;b8003037;82;151;160;216
ACTIVITY;200;2020-10-20 21:29:02;2020-10-01;1:13:1;33;713;b8003037;77;152;175;252
ACTIVITY;200;2020-10-20 21:29:02;2020-09-30;1:5:38;32;243;b8003037;82;137;146;188
ACTIVITY;200;2020-10-20 21:29:02;2020-09-29;1:13:1;34;639;b8003037;79;155;189;244
ACTIVITY;200;2020-10-20 21:29:02;2020-09-28;1:2:11;27;499;b8003037;74;143;160;228
ACTIVITY;200;2020-10-20 21:29:02;2020-09-27;3:29:48;100;1022;b8003037;80;143;150;188
ACTIVITY;200;2020-10-20 21:29:02;2020-09-26;7:50:31;171;4016;b8003037;73;146;143;192
ACTIVITY;200;2020-10-20 21:29:02;2020-09-25;1:1:42;30;267;b8003037;82;151;150;191
ACTIVITY;200;2020-10-20 21:29:02;2020-09-24;1:2:11;22;320;b7481036;73;135;;
ACTIVITY;200;2020-10-20 21:29:02;2020-09-23;1:7:54;19;553;b7481036;62;131;;
ACTIVITY;200;2020-10-20 21:29:02;2020-09-22;3:41:47;67;1802;b7481036;64;138;;
ACTIVITY;200;2020-10-20 21:29:02;2020-09-22;0:42:57;21;211;b8003037;82;148;158;206
ACTIVITY;200;2020-10-20 21:29:02;2020-09-20;1:15:39;31;727;b8003037;75;144;169;208
ACTIVITY;200;2020-10-20 21:29:02;2020-09-19;4:2:50;111;1740;b8003037;78;150;180;210
ACTIVITY;200;2020-10-20 21:29:02;2020-09-18;1:41:14;42;1001;b8003037;77;148;179;237
ACTIVITY;200;2020-10-20 21:29:02;2020-09-17;1:13:56;33;620;b8003037;76;158;187;253
ACTIVITY;200;2020-10-20 21:29:02;2020-09-16;1:3:28;23;394;b7481036;72;137;;
ACTIVITY;200;2020-10-20 21:30:09;2020-10-20;1:0:5;11;290;g7147899;;;;
ACTIVITY;200;2020-10-20 21:30:09;2020-10-18;7:0:40;145;3642;b8003037;68;;140;189
ACTIVITY;200;2020-10-20 21:30:09;2020-10-17;7:50:38;191;3584;b8003037;71;143;156;207
ACTIVITY;200;2020-10-20 21:30:09;2020-10-16;1:29:28;26;621;b7481036;67;132;;
ACTIVITY;200;2020-10-20 21:30:09;2020-10-14;1:10:59;25;367;b8003037;70;127;;
ACTIVITY;200;2020-10-20 21:30:09;2020-10-13;1:24:45;38;782;b8003037;76;152;183;245
ACTIVITY;200;2020-10-20 21:30:09;2020-10-12;1:22:36;37;787;b8003037;74;155;196;257
ACTIVITY;200;2020-10-20 21:30:09;2020-10-10;7:48:52;145;3823;b7481036;65;140;;
ACTIVITY;200;2020-10-20 21:30:09;2020-10-08;1:22:5;38;827;b8003037;77;157;194;252
ACTIVITY;200;2020-10-20 21:30:09;2020-10-07;1:9:46;35;354;b8003037;81;147;158;221
ACTIVITY;200;2020-10-20 21:30:09;2020-10-06;1:18:29;38;677;b8003037;78;156;184;250
ACTIVITY;200;2020-10-20 21:30:09;2020-10-05;1:21:21;34;738;b8003037;74;146;163;224
ACTIVITY;200;2020-10-20 21:30:09;2020-10-04;4:31:16;104;2673;b8003037;73;148;162;206
ACTIVITY;200;2020-10-20 21:30:09;2020-10-03;1:56:55;57;469;b8003037;82;151;160;216
ACTIVITY;200;2020-10-20 21:30:09;2020-10-01;1:13:1;33;713;b8003037;77;152;175;252
ACTIVITY;200;2020-10-20 21:30:09;2020-09-30;1:5:38;32;243;b8003037;82;137;146;188
ACTIVITY;200;2020-10-20 21:30:09;2020-09-29;1:13:1;34;639;b8003037;79;155;189;244
ACTIVITY;200;2020-10-20 21:30:09;2020-09-28;1:2:11;27;499;b8003037;74;143;160;228
ACTIVITY;200;2020-10-20 21:30:09;2020-09-27;3:29:48;100;1022;b8003037;80;143;150;188
ACTIVITY;200;2020-10-20 21:30:09;2020-09-26;7:50:31;171;4016;b8003037;73;146;143;192
ACTIVITY;200;2020-10-20 21:30:09;2020-09-25;1:1:42;30;267;b8003037;82;151;150;191
ACTIVITY;200;2020-10-20 21:30:09;2020-09-24;1:2:11;22;320;b7481036;73;135;;
ACTIVITY;200;2020-10-20 21:30:09;2020-09-23;1:7:54;19;553;b7481036;62;131;;
ACTIVITY;200;2020-10-20 21:30:09;2020-09-22;3:41:47;67;1802;b7481036;64;138;;
ACTIVITY;200;2020-10-20 21:30:09;2020-09-22;0:42:57;21;211;b8003037;82;148;158;206
ACTIVITY;200;2020-10-20 21:30:09;2020-09-20;1:15:39;31;727;b8003037;75;144;169;208
ACTIVITY;200;2020-10-20 21:30:09;2020-09-19;4:2:50;111;1740;b8003037;78;150;180;210
ACTIVITY;200;2020-10-20 21:30:09;2020-09-18;1:41:14;42;1001;b8003037;77;148;179;237
ACTIVITY;200;2020-10-20 21:30:09;2020-09-17;1:13:56;33;620;b8003037;76;158;187;253
ACTIVITY;200;2020-10-20 21:30:09;2020-09-16;1:3:28;23;394;b7481036;72;137;;
ACTIVITY;200;2020-10-20 21:30:43;2020-10-20;1:0:5;11;290;g7147899;;;;
ACTIVITY;200;2020-10-20 21:30:43;2020-10-18;7:0:40;145;3642;b8003037;68;;140;189
ACTIVITY;200;2020-10-20 21:30:43;2020-10-17;7:50:38;191;3584;b8003037;71;143;156;207
ACTIVITY;200;2020-10-20 21:30:43;2020-10-16;1:29:28;26;621;b7481036;67;132;;
ACTIVITY;200;2020-10-20 21:30:43;2020-10-14;1:10:59;25;367;b8003037;70;127;;
ACTIVITY;200;2020-10-20 21:30:43;2020-10-13;1:24:45;38;782;b8003037;76;152;183;245
ACTIVITY;200;2020-10-20 21:30:43;2020-10-12;1:22:36;37;787;b8003037;74;155;196;257
ACTIVITY;200;2020-10-20 21:30:43;2020-10-10;7:48:52;145;3823;b7481036;65;140;;
ACTIVITY;200;2020-10-20 21:30:43;2020-10-08;1:22:5;38;827;b8003037;77;157;194;252
ACTIVITY;200;2020-10-20 21:30:43;2020-10-07;1:9:46;35;354;b8003037;81;147;158;221
ACTIVITY;200;2020-10-20 21:30:43;2020-10-06;1:18:29;38;677;b8003037;78;156;184;250
ACTIVITY;200;2020-10-20 21:30:43;2020-10-05;1:21:21;34;738;b8003037;74;146;163;224
ACTIVITY;200;2020-10-20 21:30:43;2020-10-04;4:31:16;104;2673;b8003037;73;148;162;206
ACTIVITY;200;2020-10-20 21:30:43;2020-10-03;1:56:55;57;469;b8003037;82;151;160;216
ACTIVITY;200;2020-10-20 21:30:43;2020-10-01;1:13:1;33;713;b8003037;77;152;175;252
ACTIVITY;200;2020-10-20 21:30:43;2020-09-30;1:5:38;32;243;b8003037;82;137;146;188
ACTIVITY;200;2020-10-20 21:30:43;2020-09-29;1:13:1;34;639;b8003037;79;155;189;244
ACTIVITY;200;2020-10-20 21:30:43;2020-09-28;1:2:11;27;499;b8003037;74;143;160;228
ACTIVITY;200;2020-10-20 21:30:43;2020-09-27;3:29:48;100;1022;b8003037;80;143;150;188
ACTIVITY;200;2020-10-20 21:30:43;2020-09-26;7:50:31;171;4016;b8003037;73;146;143;192
ACTIVITY;200;2020-10-20 21:30:43;2020-09-25;1:1:42;30;267;b8003037;82;151;150;191
ACTIVITY;200;2020-10-20 21:30:43;2020-09-24;1:2:11;22;320;b7481036;73;135;;
ACTIVITY;200;2020-10-20 21:30:43;2020-09-23;1:7:54;19;553;b7481036;62;131;;
ACTIVITY;200;2020-10-20 21:30:43;2020-09-22;3:41:47;67;1802;b7481036;64;138;;
ACTIVITY;200;2020-10-20 21:30:43;2020-09-22;0:42:57;21;211;b8003037;82;148;158;206
ACTIVITY;200;2020-10-20 21:30:43;2020-09-20;1:15:39;31;727;b8003037;75;144;169;208
ACTIVITY;200;2020-10-20 21:30:43;2020-09-19;4:2:50;111;1740;b8003037;78;150;180;210
ACTIVITY;200;2020-10-20 21:30:43;2020-09-18;1:41:14;42;1001;b8003037;77;148;179;237
ACTIVITY;200;2020-10-20 21:30:43;2020-09-17;1:13:56;33;620;b8003037;76;158;187;253
ACTIVITY;200;2020-10-20 21:30:43;2020-09-16;1:3:28;23;394;b7481036;72;137;;
ACTIVITY;200;2020-10-20 21:31:07;2020-10-20;1:0:5;11;290;g7147899;;;;
ACTIVITY;200;2020-10-20 21:31:07;2020-10-18;7:0:40;145;3642;b8003037;68;;140;189
ACTIVITY;200;2020-10-20 21:31:07;2020-10-17;7:50:38;191;3584;b8003037;71;143;156;207
ACTIVITY;200;2020-10-20 21:31:07;2020-10-16;1:29:28;26;621;b7481036;67;132;;
ACTIVITY;200;2020-10-20 21:31:07;2020-10-14;1:10:59;25;367;b8003037;70;127;;
ACTIVITY;200;2020-10-20 21:31:07;2020-10-13;1:24:45;38;782;b8003037;76;152;183;245
ACTIVITY;200;2020-10-20 21:31:07;2020-10-12;1:22:36;37;787;b8003037;74;155;196;257
ACTIVITY;200;2020-10-20 21:31:07;2020-10-10;7:48:52;145;3823;b7481036;65;140;;
ACTIVITY;200;2020-10-20 21:31:07;2020-10-08;1:22:5;38;827;b8003037;77;157;194;252
ACTIVITY;200;2020-10-20 21:31:07;2020-10-07;1:9:46;35;354;b8003037;81;147;158;221
ACTIVITY;200;2020-10-20 21:31:07;2020-10-06;1:18:29;38;677;b8003037;78;156;184;250
ACTIVITY;200;2020-10-20 21:31:07;2020-10-05;1:21:21;34;738;b8003037;74;146;163;224
ACTIVITY;200;2020-10-20 21:31:07;2020-10-04;4:31:16;104;2673;b8003037;73;148;162;206
ACTIVITY;200;2020-10-20 21:31:07;2020-10-03;1:56:55;57;469;b8003037;82;151;160;216
ACTIVITY;200;2020-10-20 21:31:07;2020-10-01;1:13:1;33;713;b8003037;77;152;175;252
ACTIVITY;200;2020-10-20 21:31:07;2020-09-30;1:5:38;32;243;b8003037;82;137;146;188
ACTIVITY;200;2020-10-20 21:31:07;2020-09-29;1:13:1;34;639;b8003037;79;155;189;244
ACTIVITY;200;2020-10-20 21:31:07;2020-09-28;1:2:11;27;499;b8003037;74;143;160;228
ACTIVITY;200;2020-10-20 21:31:07;2020-09-27;3:29:48;100;1022;b8003037;80;143;150;188
ACTIVITY;200;2020-10-20 21:31:07;2020-09-26;7:50:31;171;4016;b8003037;73;146;143;192
ACTIVITY;200;2020-10-20 21:31:07;2020-09-25;1:1:42;30;267;b8003037;82;151;150;191
ACTIVITY;200;2020-10-20 21:31:07;2020-09-24;1:2:11;22;320;b7481036;73;135;;
ACTIVITY;200;2020-10-20 21:31:07;2020-09-23;1:7:54;19;553;b7481036;62;131;;
ACTIVITY;200;2020-10-20 21:31:07;2020-09-22;3:41:47;67;1802;b7481036;64;138;;
ACTIVITY;200;2020-10-20 21:31:07;2020-09-22;0:42:57;21;211;b8003037;82;148;158;206
ACTIVITY;200;2020-10-20 21:31:07;2020-09-20;1:15:39;31;727;b8003037;75;144;169;208
ACTIVITY;200;2020-10-20 21:31:07;2020-09-19;4:2:50;111;1740;b8003037;78;150;180;210
ACTIVITY;200;2020-10-20 21:31:07;2020-09-18;1:41:14;42;1001;b8003037;77;148;179;237
ACTIVITY;200;2020-10-20 21:31:07;2020-09-17;1:13:56;33;620;b8003037;76;158;187;253
ACTIVITY;200;2020-10-20 21:31:07;2020-09-16;1:3:28;23;394;b7481036;72;137;;
ACTIVITY;200;2020-10-21 21:00:35;2020-10-21;1.0:22.0:28.0;24;602;b8003037;65;;;
ACTIVITY;200;2020-10-21 21:00:35;2020-10-20;1.0:0.0:5.0;11;290;g7147899;;;;
ACTIVITY;200;2020-10-21 21:00:35;2020-10-18;7.0:0.0:40.0;145;3642;b8003037;68;;140;189
ACTIVITY;200;2020-10-21 21:00:35;2020-10-17;7.0:50.0:38.0;191;3584;b8003037;71;143;156;207
ACTIVITY;200;2020-10-21 21:00:35;2020-10-16;1.0:29.0:28.0;26;621;b7481036;67;132;;
ACTIVITY;200;2020-10-21 21:00:35;2020-10-14;1.0:10.0:59.0;25;367;b8003037;70;127;;
ACTIVITY;200;2020-10-21 21:00:35;2020-10-13;1.0:24.0:45.0;38;782;b8003037;76;152;183;245
ACTIVITY;200;2020-10-21 21:00:35;2020-10-12;1.0:22.0:36.0;37;787;b8003037;74;155;196;257
ACTIVITY;200;2020-10-21 21:00:35;2020-10-10;7.0:48.0:52.0;145;3823;b7481036;65;140;;
ACTIVITY;200;2020-10-21 21:00:35;2020-10-08;1.0:22.0:5.0;38;827;b8003037;77;157;194;252
ACTIVITY;200;2020-10-21 21:00:35;2020-10-07;1.0:9.0:46.0;35;354;b8003037;81;147;158;221
ACTIVITY;200;2020-10-21 21:00:35;2020-10-06;1.0:18.0:29.0;38;677;b8003037;78;156;184;250
ACTIVITY;200;2020-10-21 21:00:35;2020-10-05;1.0:21.0:21.0;34;738;b8003037;74;146;163;224
ACTIVITY;200;2020-10-21 21:00:35;2020-10-04;4.0:31.0:16.0;104;2673;b8003037;73;148;162;206
ACTIVITY;200;2020-10-21 21:00:35;2020-10-03;1.0:56.0:55.0;57;469;b8003037;82;151;160;216
ACTIVITY;200;2020-10-21 21:00:35;2020-10-01;1.0:13.0:1.0;33;713;b8003037;77;152;175;252
ACTIVITY;200;2020-10-21 21:00:35;2020-09-30;1.0:5.0:38.0;32;243;b8003037;82;137;146;188
ACTIVITY;200;2020-10-21 21:00:35;2020-09-29;1.0:13.0:1.0;34;639;b8003037;79;155;189;244
ACTIVITY;200;2020-10-21 21:00:35;2020-09-28;1.0:2.0:11.0;27;499;b8003037;74;143;160;228
ACTIVITY;200;2020-10-21 21:00:35;2020-09-27;3.0:29.0:48.0;100;1022;b8003037;80;143;150;188
ACTIVITY;200;2020-10-21 21:00:35;2020-09-26;7.0:50.0:31.0;171;4016;b8003037;73;146;143;192
ACTIVITY;200;2020-10-21 21:00:35;2020-09-25;1.0:1.0:42.0;30;267;b8003037;82;151;150;191
ACTIVITY;200;2020-10-21 21:00:35;2020-09-24;1.0:2.0:11.0;22;320;b7481036;73;135;;
ACTIVITY;200;2020-10-21 21:00:35;2020-09-23;1.0:7.0:54.0;19;553;b7481036;62;131;;
ACTIVITY;200;2020-10-21 21:00:35;2020-09-22;3.0:41.0:47.0;67;1802;b7481036;64;138;;
ACTIVITY;200;2020-10-21 21:00:35;2020-09-22;0.0:42.0:57.0;21;211;b8003037;82;148;158;206
ACTIVITY;200;2020-10-21 21:00:35;2020-09-20;1.0:15.0:39.0;31;727;b8003037;75;144;169;208
ACTIVITY;200;2020-10-21 21:00:35;2020-09-19;4.0:2.0:50.0;111;1740;b8003037;78;150;180;210
ACTIVITY;200;2020-10-21 21:00:35;2020-09-18;1.0:41.0:14.0;42;1001;b8003037;77;148;179;237
ACTIVITY;200;2020-10-21 21:00:35;2020-09-17;1.0:13.0:56.0;33;620;b8003037;76;158;187;253
ACTIVITY;200;2020-10-21 21:05:34;2020-10-21;01:22.0:28.0;24;602;b8003037;65;;;
ACTIVITY;200;2020-10-21 21:05:34;2020-10-20;01:0.0:5.0;11;290;g7147899;;;;
ACTIVITY;200;2020-10-21 21:05:34;2020-10-18;07:0.0:40.0;145;3642;b8003037;68;;140;189
ACTIVITY;200;2020-10-21 21:05:34;2020-10-17;07:50.0:38.0;191;3584;b8003037;71;143;156;207
ACTIVITY;200;2020-10-21 21:05:34;2020-10-16;01:29.0:28.0;26;621;b7481036;67;132;;
ACTIVITY;200;2020-10-21 21:05:34;2020-10-14;01:10.0:59.0;25;367;b8003037;70;127;;
ACTIVITY;200;2020-10-21 21:05:34;2020-10-13;01:24.0:45.0;38;782;b8003037;76;152;183;245
ACTIVITY;200;2020-10-21 21:05:34;2020-10-12;01:22.0:36.0;37;787;b8003037;74;155;196;257
ACTIVITY;200;2020-10-21 21:05:34;2020-10-10;07:48.0:52.0;145;3823;b7481036;65;140;;
ACTIVITY;200;2020-10-21 21:05:34;2020-10-08;01:22.0:5.0;38;827;b8003037;77;157;194;252
ACTIVITY;200;2020-10-21 21:05:34;2020-10-07;01:9.0:46.0;35;354;b8003037;81;147;158;221
ACTIVITY;200;2020-10-21 21:05:34;2020-10-06;01:18.0:29.0;38;677;b8003037;78;156;184;250
ACTIVITY;200;2020-10-21 21:05:34;2020-10-05;01:21.0:21.0;34;738;b8003037;74;146;163;224
ACTIVITY;200;2020-10-21 21:05:34;2020-10-04;04:31.0:16.0;104;2673;b8003037;73;148;162;206
ACTIVITY;200;2020-10-21 21:05:34;2020-10-03;01:56.0:55.0;57;469;b8003037;82;151;160;216
ACTIVITY;200;2020-10-21 21:05:34;2020-10-01;01:13.0:1.0;33;713;b8003037;77;152;175;252
ACTIVITY;200;2020-10-21 21:05:34;2020-09-30;01:5.0:38.0;32;243;b8003037;82;137;146;188
ACTIVITY;200;2020-10-21 21:05:34;2020-09-29;01:13.0:1.0;34;639;b8003037;79;155;189;244
ACTIVITY;200;2020-10-21 21:05:34;2020-09-28;01:2.0:11.0;27;499;b8003037;74;143;160;228
ACTIVITY;200;2020-10-21 21:05:34;2020-09-27;03:29.0:48.0;100;1022;b8003037;80;143;150;188
ACTIVITY;200;2020-10-21 21:05:34;2020-09-26;07:50.0:31.0;171;4016;b8003037;73;146;143;192
ACTIVITY;200;2020-10-21 21:05:34;2020-09-25;01:1.0:42.0;30;267;b8003037;82;151;150;191
ACTIVITY;200;2020-10-21 21:05:34;2020-09-24;01:2.0:11.0;22;320;b7481036;73;135;;
ACTIVITY;200;2020-10-21 21:05:34;2020-09-23;01:7.0:54.0;19;553;b7481036;62;131;;
ACTIVITY;200;2020-10-21 21:05:34;2020-09-22;03:41.0:47.0;67;1802;b7481036;64;138;;
ACTIVITY;200;2020-10-21 21:05:34;2020-09-22;00:42.0:57.0;21;211;b8003037;82;148;158;206
ACTIVITY;200;2020-10-21 21:05:34;2020-09-20;01:15.0:39.0;31;727;b8003037;75;144;169;208
ACTIVITY;200;2020-10-21 21:05:34;2020-09-19;04:2.0:50.0;111;1740;b8003037;78;150;180;210
ACTIVITY;200;2020-10-21 21:05:34;2020-09-18;01:41.0:14.0;42;1001;b8003037;77;148;179;237
ACTIVITY;200;2020-10-21 21:05:34;2020-09-17;01:13.0:56.0;33;620;b8003037;76;158;187;253
ACTIVITY;200;2020-10-21 21:10:41;2020-10-21;01:22:28;24;602;b8003037;65;;;
ACTIVITY;200;2020-10-21 21:10:41;2020-10-20;01:00:05;11;290;g7147899;;;;
ACTIVITY;200;2020-10-21 21:10:41;2020-10-18;07:00:40;145;3642;b8003037;68;;140;189
ACTIVITY;200;2020-10-21 21:10:41;2020-10-17;07:50:38;191;3584;b8003037;71;143;156;207
ACTIVITY;200;2020-10-21 21:10:41;2020-10-16;01:29:28;26;621;b7481036;67;132;;
ACTIVITY;200;2020-10-21 21:10:41;2020-10-14;01:10:59;25;367;b8003037;70;127;;
ACTIVITY;200;2020-10-21 21:10:41;2020-10-13;01:24:45;38;782;b8003037;76;152;183;245
ACTIVITY;200;2020-10-21 21:10:41;2020-10-12;01:22:36;37;787;b8003037;74;155;196;257
ACTIVITY;200;2020-10-21 21:10:41;2020-10-10;07:48:52;145;3823;b7481036;65;140;;
ACTIVITY;200;2020-10-21 21:10:41;2020-10-08;01:22:05;38;827;b8003037;77;157;194;252
ACTIVITY;200;2020-10-21 21:10:41;2020-10-07;01:09:46;35;354;b8003037;81;147;158;221
ACTIVITY;200;2020-10-21 21:10:41;2020-10-06;01:18:29;38;677;b8003037;78;156;184;250
ACTIVITY;200;2020-10-21 21:10:41;2020-10-05;01:21:21;34;738;b8003037;74;146;163;224
ACTIVITY;200;2020-10-21 21:10:41;2020-10-04;04:31:16;104;2673;b8003037;73;148;162;206
ACTIVITY;200;2020-10-21 21:10:41;2020-10-03;01:56:55;57;469;b8003037;82;151;160;216
ACTIVITY;200;2020-10-21 21:10:41;2020-10-01;01:13:01;33;713;b8003037;77;152;175;252
ACTIVITY;200;2020-10-21 21:10:41;2020-09-30;01:05:38;32;243;b8003037;82;137;146;188
ACTIVITY;200;2020-10-21 21:10:41;2020-09-29;01:13:01;34;639;b8003037;79;155;189;244
ACTIVITY;200;2020-10-21 21:10:41;2020-09-28;01:02:11;27;499;b8003037;74;143;160;228
ACTIVITY;200;2020-10-21 21:10:41;2020-09-27;03:29:48;100;1022;b8003037;80;143;150;188
ACTIVITY;200;2020-10-21 21:10:41;2020-09-26;07:50:31;171;4016;b8003037;73;146;143;192
ACTIVITY;200;2020-10-21 21:10:41;2020-09-25;01:01:42;30;267;b8003037;82;151;150;191
ACTIVITY;200;2020-10-21 21:10:41;2020-09-24;01:02:11;22;320;b7481036;73;135;;
ACTIVITY;200;2020-10-21 21:10:41;2020-09-23;01:07:54;19;553;b7481036;62;131;;
ACTIVITY;200;2020-10-21 21:10:41;2020-09-22;03:41:47;67;1802;b7481036;64;138;;
ACTIVITY;200;2020-10-21 21:10:41;2020-09-22;00:42:57;21;211;b8003037;82;148;158;206
ACTIVITY;200;2020-10-21 21:10:41;2020-09-20;01:15:39;31;727;b8003037;75;144;169;208
ACTIVITY;200;2020-10-21 21:10:41;2020-09-19;04:02:50;111;1740;b8003037;78;150;180;210
ACTIVITY;200;2020-10-21 21:10:41;2020-09-18;01:41:14;42;1001;b8003037;77;148;179;237
ACTIVITY;200;2020-10-21 21:10:41;2020-09-17;01:13:56;33;620;b8003037;76;158;187;253
ACTIVITY;200;2020-10-21 21:12:49;2020-10-21;01:22:28;24;602;b8003037;65;;;
ACTIVITY;200;2020-10-21 21:12:49;2020-10-20;01:00:05;11;290;g7147899;;;;
ACTIVITY;200;2020-10-21 21:12:49;2020-10-18;07:00:40;145;3642;b8003037;68;;140;189
ACTIVITY;200;2020-10-21 21:12:49;2020-10-17;07:50:38;191;3584;b8003037;71;143;156;207
ACTIVITY;200;2020-10-21 21:12:49;2020-10-16;01:29:28;26;621;b7481036;67;132;;
ACTIVITY;200;2020-10-21 21:12:49;2020-10-14;01:10:59;25;367;b8003037;70;127;;
ACTIVITY;200;2020-10-21 21:12:49;2020-10-13;01:24:45;38;782;b8003037;76;152;183;245
ACTIVITY;200;2020-10-21 21:12:49;2020-10-12;01:22:36;37;787;b8003037;74;155;196;257
ACTIVITY;200;2020-10-21 21:12:49;2020-10-10;07:48:52;145;3823;b7481036;65;140;;
ACTIVITY;200;2020-10-21 21:12:49;2020-10-08;01:22:05;38;827;b8003037;77;157;194;252
ACTIVITY;200;2020-10-21 21:12:49;2020-10-07;01:09:46;35;354;b8003037;81;147;158;221
ACTIVITY;200;2020-10-21 21:12:49;2020-10-06;01:18:29;38;677;b8003037;78;156;184;250
ACTIVITY;200;2020-10-21 21:12:49;2020-10-05;01:21:21;34;738;b8003037;74;146;163;224
ACTIVITY;200;2020-10-21 21:12:49;2020-10-04;04:31:16;104;2673;b8003037;73;148;162;206
ACTIVITY;200;2020-10-21 21:12:49;2020-10-03;01:56:55;57;469;b8003037;82;151;160;216
ACTIVITY;200;2020-10-21 21:12:49;2020-10-01;01:13:01;33;713;b8003037;77;152;175;252
ACTIVITY;200;2020-10-21 21:12:49;2020-09-30;01:05:38;32;243;b8003037;82;137;146;188
ACTIVITY;200;2020-10-21 21:12:49;2020-09-29;01:13:01;34;639;b8003037;79;155;189;244
ACTIVITY;200;2020-10-21 21:12:49;2020-09-28;01:02:11;27;499;b8003037;74;143;160;228
ACTIVITY;200;2020-10-21 21:12:49;2020-09-27;03:29:48;100;1022;b8003037;80;143;150;188
ACTIVITY;200;2020-10-21 21:12:49;2020-09-26;07:50:31;171;4016;b8003037;73;146;143;192
ACTIVITY;200;2020-10-21 21:12:49;2020-09-25;01:01:42;30;267;b8003037;82;151;150;191
ACTIVITY;200;2020-10-21 21:12:49;2020-09-24;01:02:11;22;320;b7481036;73;135;;
ACTIVITY;200;2020-10-21 21:12:49;2020-09-23;01:07:54;19;553;b7481036;62;131;;
ACTIVITY;200;2020-10-21 21:12:49;2020-09-22;03:41:47;67;1802;b7481036;64;138;;
ACTIVITY;200;2020-10-21 21:12:49;2020-09-22;00:42:57;21;211;b8003037;82;148;158;206
ACTIVITY;200;2020-10-21 21:12:49;2020-09-20;01:15:39;31;727;b8003037;75;144;169;208
ACTIVITY;200;2020-10-21 21:12:49;2020-09-19;04:02:50;111;1740;b8003037;78;150;180;210
ACTIVITY;200;2020-10-21 21:12:49;2020-09-18;01:41:14;42;1001;b8003037;77;148;179;237
ACTIVITY;200;2020-10-21 21:12:49;2020-09-17;01:13:56;33;620;b8003037;76;158;187;253
ACTIVITY;200;2020-10-21 21:16:12;2020-10-21;01:22:28;24;602;b8003037;65;;;
ACTIVITY;200;2020-10-21 21:16:12;2020-10-20;01:00:05;11;290;g7147899;;;;
ACTIVITY;200;2020-10-21 21:16:12;2020-10-18;07:00:40;145;3642;b8003037;68;;140;189
ACTIVITY;200;2020-10-21 21:16:12;2020-10-17;07:50:38;191;3584;b8003037;71;143;156;207
ACTIVITY;200;2020-10-21 21:16:12;2020-10-16;01:29:28;26;621;b7481036;67;132;;
ACTIVITY;200;2020-10-21 21:16:12;2020-10-14;01:10:59;25;367;b8003037;70;127;;
ACTIVITY;200;2020-10-21 21:16:12;2020-10-13;01:24:45;38;782;b8003037;76;152;183;245
ACTIVITY;200;2020-10-21 21:16:12;2020-10-12;01:22:36;37;787;b8003037;74;155;196;257
ACTIVITY;200;2020-10-21 21:16:12;2020-10-10;07:48:52;145;3823;b7481036;65;140;;
ACTIVITY;200;2020-10-21 21:16:12;2020-10-08;01:22:05;38;827;b8003037;77;157;194;252
ACTIVITY;200;2020-10-21 21:16:12;2020-10-07;01:09:46;35;354;b8003037;81;147;158;221
ACTIVITY;200;2020-10-21 21:16:12;2020-10-06;01:18:29;38;677;b8003037;78;156;184;250
ACTIVITY;200;2020-10-21 21:16:12;2020-10-05;01:21:21;34;738;b8003037;74;146;163;224
ACTIVITY;200;2020-10-21 21:16:12;2020-10-04;04:31:16;104;2673;b8003037;73;148;162;206
ACTIVITY;200;2020-10-21 21:16:12;2020-10-03;01:56:55;57;469;b8003037;82;151;160;216
ACTIVITY;200;2020-10-21 21:16:12;2020-10-01;01:13:01;33;713;b8003037;77;152;175;252
ACTIVITY;200;2020-10-21 21:16:12;2020-09-30;01:05:38;32;243;b8003037;82;137;146;188
ACTIVITY;200;2020-10-21 21:16:12;2020-09-29;01:13:01;34;639;b8003037;79;155;189;244
ACTIVITY;200;2020-10-21 21:16:12;2020-09-28;01:02:11;27;499;b8003037;74;143;160;228
ACTIVITY;200;2020-10-21 21:16:12;2020-09-27;03:29:48;100;1022;b8003037;80;143;150;188
ACTIVITY;200;2020-10-21 21:16:12;2020-09-26;07:50:31;171;4016;b8003037;73;146;143;192
ACTIVITY;200;2020-10-21 21:16:12;2020-09-25;01:01:42;30;267;b8003037;82;151;150;191
ACTIVITY;200;2020-10-21 21:16:12;2020-09-24;01:02:11;22;320;b7481036;73;135;;
ACTIVITY;200;2020-10-21 21:16:12;2020-09-23;01:07:54;19;553;b7481036;62;131;;
ACTIVITY;200;2020-10-21 21:16:12;2020-09-22;03:41:47;67;1802;b7481036;64;138;;
ACTIVITY;200;2020-10-21 21:16:12;2020-09-22;00:42:57;21;211;b8003037;82;148;158;206
ACTIVITY;200;2020-10-21 21:16:12;2020-09-20;01:15:39;31;727;b8003037;75;144;169;208
ACTIVITY;200;2020-10-21 21:16:12;2020-09-19;04:02:50;111;1740;b8003037;78;150;180;210
ACTIVITY;200;2020-10-21 21:16:12;2020-09-18;01:41:14;42;1001;b8003037;77;148;179;237
ACTIVITY;200;2020-10-21 21:16:12;2020-09-17;01:13:56;33;620;b8003037;76;158;187;253
ACTIVITY;200;2020-10-21 21:18:39;2020-10-21;01:22:28;24;602;b7481036;65;;;
ACTIVITY;200;2020-10-21 21:18:39;2020-10-20;01:00:05;11;290;g7147899;;;;
ACTIVITY;200;2020-10-21 21:18:39;2020-10-18;07:00:40;145;3642;b8003037;68;;140;189
ACTIVITY;200;2020-10-21 21:18:39;2020-10-17;07:50:38;191;3584;b8003037;71;143;156;207
ACTIVITY;200;2020-10-21 21:18:39;2020-10-16;01:29:28;26;621;b7481036;67;132;;
ACTIVITY;200;2020-10-21 21:18:39;2020-10-14;01:10:59;25;367;b8003037;70;127;;
ACTIVITY;200;2020-10-21 21:18:39;2020-10-13;01:24:45;38;782;b8003037;76;152;183;245
ACTIVITY;200;2020-10-21 21:18:39;2020-10-12;01:22:36;37;787;b8003037;74;155;196;257
ACTIVITY;200;2020-10-21 21:18:39;2020-10-10;07:48:52;145;3823;b7481036;65;140;;
ACTIVITY;200;2020-10-21 21:18:39;2020-10-08;01:22:05;38;827;b8003037;77;157;194;252
ACTIVITY;200;2020-10-21 21:18:39;2020-10-07;01:09:46;35;354;b8003037;81;147;158;221
ACTIVITY;200;2020-10-21 21:18:39;2020-10-06;01:18:29;38;677;b8003037;78;156;184;250
ACTIVITY;200;2020-10-21 21:18:39;2020-10-05;01:21:21;34;738;b8003037;74;146;163;224
ACTIVITY;200;2020-10-21 21:18:39;2020-10-04;04:31:16;104;2673;b8003037;73;148;162;206
ACTIVITY;200;2020-10-21 21:18:39;2020-10-03;01:56:55;57;469;b8003037;82;151;160;216
ACTIVITY;200;2020-10-21 21:18:39;2020-10-01;01:13:01;33;713;b8003037;77;152;175;252
ACTIVITY;200;2020-10-21 21:18:39;2020-09-30;01:05:38;32;243;b8003037;82;137;146;188
ACTIVITY;200;2020-10-21 21:18:39;2020-09-29;01:13:01;34;639;b8003037;79;155;189;244
ACTIVITY;200;2020-10-21 21:18:39;2020-09-28;01:02:11;27;499;b8003037;74;143;160;228
ACTIVITY;200;2020-10-21 21:18:39;2020-09-27;03:29:48;100;1022;b8003037;80;143;150;188
ACTIVITY;200;2020-10-21 21:18:39;2020-09-26;07:50:31;171;4016;b8003037;73;146;143;192
ACTIVITY;200;2020-10-21 21:18:39;2020-09-25;01:01:42;30;267;b8003037;82;151;150;191
ACTIVITY;200;2020-10-21 21:18:39;2020-09-24;01:02:11;22;320;b7481036;73;135;;
ACTIVITY;200;2020-10-21 21:18:39;2020-09-23;01:07:54;19;553;b7481036;62;131;;
ACTIVITY;200;2020-10-21 21:18:39;2020-09-22;03:41:47;67;1802;b7481036;64;138;;
ACTIVITY;200;2020-10-21 21:18:39;2020-09-22;00:42:57;21;211;b8003037;82;148;158;206
ACTIVITY;200;2020-10-21 21:18:39;2020-09-20;01:15:39;31;727;b8003037;75;144;169;208
ACTIVITY;200;2020-10-21 21:18:39;2020-09-19;04:02:50;111;1740;b8003037;78;150;180;210
ACTIVITY;200;2020-10-21 21:18:39;2020-09-18;01:41:14;42;1001;b8003037;77;148;179;237
ACTIVITY;200;2020-10-21 21:18:39;2020-09-17;01:13:56;33;620;b8003037;76;158;187;253
ACTIVITY;200;2020-10-23 12:11:28;2020-10-23;01:00:48;18;465;b7481036;65;;;
ACTIVITY;200;2020-10-23 12:11:28;2020-10-22;01:00:16;28;575;b8003037;77;;173;242
ACTIVITY;200;2020-10-23 12:11:28;2020-10-21;01:22:28;24;602;b7481036;65;;;
ACTIVITY;200;2020-10-23 12:11:28;2020-10-20;01:00:05;11;290;g7147899;;;;
ACTIVITY;200;2020-10-23 12:11:28;2020-10-18;07:00:40;145;3642;b8003037;68;;140;189
ACTIVITY;200;2020-10-23 12:11:28;2020-10-17;07:50:38;191;3584;b8003037;71;143;156;207
ACTIVITY;200;2020-10-23 12:11:28;2020-10-16;01:29:28;26;621;b7481036;67;132;;
ACTIVITY;200;2020-10-23 12:11:28;2020-10-14;01:10:59;25;367;b8003037;70;127;;
ACTIVITY;200;2020-10-23 12:11:28;2020-10-13;01:24:45;38;782;b8003037;76;152;183;245
ACTIVITY;200;2020-10-23 12:11:28;2020-10-12;01:22:36;37;787;b8003037;74;155;196;257
ACTIVITY;200;2020-10-23 12:11:28;2020-10-10;07:48:52;145;3823;b7481036;65;140;;
ACTIVITY;200;2020-10-23 12:11:28;2020-10-08;01:22:05;38;827;b8003037;77;157;194;252
ACTIVITY;200;2020-10-23 12:11:28;2020-10-07;01:09:46;35;354;b8003037;81;147;158;221
ACTIVITY;200;2020-10-23 12:11:28;2020-10-06;01:18:29;38;677;b8003037;78;156;184;250
ACTIVITY;200;2020-10-23 12:11:28;2020-10-05;01:21:21;34;738;b8003037;74;146;163;224
ACTIVITY;200;2020-10-23 12:11:28;2020-10-04;04:31:16;104;2673;b8003037;73;148;162;206
ACTIVITY;200;2020-10-23 12:11:28;2020-10-03;01:56:55;57;469;b8003037;82;151;160;216
ACTIVITY;200;2020-10-23 12:11:28;2020-10-01;01:13:01;33;713;b8003037;77;152;175;252
ACTIVITY;200;2020-10-23 12:11:28;2020-09-30;01:05:38;32;243;b8003037;82;137;146;188
ACTIVITY;200;2020-10-23 12:11:28;2020-09-29;01:13:01;34;639;b8003037;79;155;189;244
ACTIVITY;200;2020-10-23 12:11:28;2020-09-28;01:02:11;27;499;b8003037;74;143;160;228
ACTIVITY;200;2020-10-23 12:11:28;2020-09-27;03:29:48;100;1022;b8003037;80;143;150;188
ACTIVITY;200;2020-10-23 12:11:28;2020-09-26;07:50:31;171;4016;b8003037;73;146;143;192
ACTIVITY;200;2020-10-23 12:11:28;2020-09-25;01:01:42;30;267;b8003037;82;151;150;191
ACTIVITY;200;2020-10-23 12:11:28;2020-09-24;01:02:11;22;320;b7481036;73;135;;
ACTIVITY;200;2020-10-23 12:11:28;2020-09-23;01:07:54;19;553;b7481036;62;131;;
ACTIVITY;200;2020-10-23 12:11:28;2020-09-22;03:41:47;67;1802;b7481036;64;138;;
ACTIVITY;200;2020-10-23 12:11:28;2020-09-22;00:42:57;21;211;b8003037;82;148;158;206
ACTIVITY;200;2020-10-23 12:11:28;2020-09-20;01:15:39;31;727;b8003037;75;144;169;208
ACTIVITY;200;2020-10-23 12:11:28;2020-09-19;04:02:50;111;1740;b8003037;78;150;180;210
ACTIVITY;200;2020-10-23 13:58:12;2020-10-23;01:00:48;18;465;b7481036;65;;;
ACTIVITY;200;2020-10-23 13:58:12;2020-10-22;01:00:16;28;575;b8003037;77;;173;242
ACTIVITY;200;2020-10-23 13:58:54;2020-10-23;01:00:48;18;465;b7481036;65;;;
ACTIVITY;200;2020-10-23 13:58:54;2020-10-22;01:00:16;28;575;b8003037;77;;173;242
ACTIVITY;200;2020-10-23 13:58:54;2020-10-21;01:22:28;24;602;b7481036;65;;;
ACTIVITY;200;2020-10-23 13:58:54;2020-10-20;01:00:05;11;290;g7147899;;;;
ACTIVITY;200;2020-10-23 13:58:54;2020-10-18;07:00:40;145;3642;b8003037;68;;140;189
ACTIVITY;200;2020-10-23 13:58:54;2020-10-17;07:50:38;191;3584;b8003037;71;143;156;207
ACTIVITY;200;2020-10-23 13:58:54;2020-10-16;01:29:28;26;621;b7481036;67;132;;
ACTIVITY;200;2020-10-23 13:58:54;2020-10-14;01:10:59;25;367;b8003037;70;127;;
ACTIVITY;200;2020-10-23 13:58:54;2020-10-13;01:24:45;38;782;b8003037;76;152;183;245
ACTIVITY;200;2020-10-23 13:58:54;2020-10-12;01:22:36;37;787;b8003037;74;155;196;257
ACTIVITY;200;2020-10-23 13:58:54;2020-10-10;07:48:52;145;3823;b7481036;65;140;;
ACTIVITY;200;2020-10-23 13:58:54;2020-10-08;01:22:05;38;827;b8003037;77;157;194;252
ACTIVITY;200;2020-10-23 13:58:54;2020-10-07;01:09:46;35;354;b8003037;81;147;158;221
ACTIVITY;200;2020-10-23 13:58:54;2020-10-06;01:18:29;38;677;b8003037;78;156;184;250
ACTIVITY;200;2020-10-23 13:58:54;2020-10-05;01:21:21;34;738;b8003037;74;146;163;224
ACTIVITY;200;2020-10-23 13:58:54;2020-10-04;04:31:16;104;2673;b8003037;73;148;162;206
ACTIVITY;200;2020-10-23 13:58:54;2020-10-03;01:56:55;57;469;b8003037;82;151;160;216
ACTIVITY;200;2020-10-23 13:58:54;2020-10-01;01:13:01;33;713;b8003037;77;152;175;252
ACTIVITY;200;2020-10-23 13:58:54;2020-09-30;01:05:38;32;243;b8003037;82;137;146;188
ACTIVITY;200;2020-10-23 13:58:54;2020-09-29;01:13:01;34;639;b8003037;79;155;189;244
ACTIVITY;200;2020-10-23 13:58:54;2020-09-28;01:02:11;27;499;b8003037;74;143;160;228
ACTIVITY;200;2020-10-23 13:58:54;2020-09-27;03:29:48;100;1022;b8003037;80;143;150;188
ACTIVITY;200;2020-10-23 13:58:54;2020-09-26;07:50:31;171;4016;b8003037;73;146;143;192
ACTIVITY;200;2020-10-23 13:58:54;2020-09-25;01:01:42;30;267;b8003037;82;151;150;191
ACTIVITY;200;2020-10-23 13:58:54;2020-09-24;01:02:11;22;320;b7481036;73;135;;
ACTIVITY;200;2020-10-23 13:58:54;2020-09-23;01:07:54;19;553;b7481036;62;131;;
ACTIVITY;200;2020-10-23 13:58:54;2020-09-22;03:41:47;67;1802;b7481036;64;138;;
ACTIVITY;200;2020-10-23 13:58:54;2020-09-22;00:42:57;21;211;b8003037;82;148;158;206
ACTIVITY;200;2020-10-23 13:58:54;2020-09-20;01:15:39;31;727;b8003037;75;144;169;208
ACTIVITY;200;2020-10-23 13:58:54;2020-09-19;04:02:50;111;1740;b8003037;78;150;180;210
ACTIVITY;200;2020-10-23 14:05:03;2020-10-23T07:42:03Z;01:00:48;18;465;b7481036;65;;;
ACTIVITY;200;2020-10-23 14:05:03;2020-10-22T13:07:22Z;01:00:16;28;575;b8003037;77;;173;242
ACTIVITY;200;2020-10-23 14:05:03;2020-10-21T07:30:31Z;01:22:28;24;602;b7481036;65;;;
ACTIVITY;200;2020-10-23 14:05:03;2020-10-20T07:52:00Z;01:00:05;11;290;g7147899;;;;
ACTIVITY;200;2020-10-23 14:05:03;2020-10-18T08:54:45Z;07:00:40;145;3642;b8003037;68;;140;189
ACTIVITY;200;2020-10-23 14:05:03;2020-10-17T06:44:57Z;07:50:38;191;3584;b8003037;71;143;156;207
ACTIVITY;200;2020-10-23 14:05:03;2020-10-16T06:50:32Z;01:29:28;26;621;b7481036;67;132;;
ACTIVITY;200;2020-10-23 14:05:03;2020-10-14T18:12:09Z;01:10:59;25;367;b8003037;70;127;;
ACTIVITY;200;2020-10-23 14:05:03;2020-10-13T18:04:42Z;01:24:45;38;782;b8003037;76;152;183;245
ACTIVITY;200;2020-10-23 14:05:03;2020-10-12T18:08:50Z;01:22:36;37;787;b8003037;74;155;196;257
ACTIVITY;200;2020-10-23 14:05:03;2020-10-10T07:32:50Z;07:48:52;145;3823;b7481036;65;140;;
ACTIVITY;200;2020-10-23 14:05:03;2020-10-08T18:13:22Z;01:22:05;38;827;b8003037;77;157;194;252
ACTIVITY;200;2020-10-23 14:05:03;2020-10-07T18:05:51Z;01:09:46;35;354;b8003037;81;147;158;221
ACTIVITY;200;2020-10-23 14:05:03;2020-10-06T18:03:02Z;01:18:29;38;677;b8003037;78;156;184;250
ACTIVITY;200;2020-10-23 14:05:03;2020-10-05T18:12:32Z;01:21:21;34;738;b8003037;74;146;163;224
ACTIVITY;200;2020-10-23 14:05:03;2020-10-04T07:53:53Z;04:31:16;104;2673;b8003037;73;148;162;206
ACTIVITY;200;2020-10-23 14:05:03;2020-10-03T15:13:28Z;01:56:55;57;469;b8003037;82;151;160;216
ACTIVITY;200;2020-10-23 14:05:03;2020-10-01T18:14:19Z;01:13:01;33;713;b8003037;77;152;175;252
ACTIVITY;200;2020-10-23 14:05:03;2020-09-30T18:13:19Z;01:05:38;32;243;b8003037;82;137;146;188
ACTIVITY;200;2020-10-23 14:05:03;2020-09-29T18:09:47Z;01:13:01;34;639;b8003037;79;155;189;244
ACTIVITY;200;2020-10-23 14:05:03;2020-09-28T18:26:16Z;01:02:11;27;499;b8003037;74;143;160;228
ACTIVITY;200;2020-10-23 14:05:03;2020-09-27T07:41:04Z;03:29:48;100;1022;b8003037;80;143;150;188
ACTIVITY;200;2020-10-23 14:05:03;2020-09-26T06:24:03Z;07:50:31;171;4016;b8003037;73;146;143;192
ACTIVITY;200;2020-10-23 14:05:03;2020-09-25T07:40:29Z;01:01:42;30;267;b8003037;82;151;150;191
ACTIVITY;200;2020-10-23 14:05:03;2020-09-24T07:27:00Z;01:02:11;22;320;b7481036;73;135;;
ACTIVITY;200;2020-10-23 14:05:03;2020-09-23T18:28:57Z;01:07:54;19;553;b7481036;62;131;;
ACTIVITY;200;2020-10-23 14:05:03;2020-09-22T09:10:27Z;03:41:47;67;1802;b7481036;64;138;;
ACTIVITY;200;2020-10-23 14:05:03;2020-09-22T07:06:05Z;00:42:57;21;211;b8003037;82;148;158;206
ACTIVITY;200;2020-10-23 14:05:03;2020-09-20T12:05:32Z;01:15:39;31;727;b8003037;75;144;169;208
ACTIVITY;200;2020-10-23 14:05:03;2020-09-19T09:00:09Z;04:02:50;111;1740;b8003037;78;150;180;210
ACTIVITY;200;2020-10-23 14:06:02;2020-10-23T07:42:03Z;01:00:48;18;465;b7481036;65;;;
ACTIVITY;200;2020-10-23 14:06:02;2020-10-22T13:07:22Z;01:00:16;28;575;b8003037;77;;173;242
ACTIVITY;200;2020-10-23 14:06:02;2020-10-21T07:30:31Z;01:22:28;24;602;b7481036;65;;;
ACTIVITY;200;2020-10-23 14:06:02;2020-10-20T07:52:00Z;01:00:05;11;290;g7147899;;;;
ACTIVITY;200;2020-10-23 14:06:02;2020-10-18T08:54:45Z;07:00:40;145;3642;b8003037;68;;140;189
ACTIVITY;200;2020-10-23 14:06:02;2020-10-17T06:44:57Z;07:50:38;191;3584;b8003037;71;143;156;207
ACTIVITY;200;2020-10-23 14:06:02;2020-10-16T06:50:32Z;01:29:28;26;621;b7481036;67;132;;
ACTIVITY;200;2020-10-23 14:06:02;2020-10-14T18:12:09Z;01:10:59;25;367;b8003037;70;127;;
ACTIVITY;200;2020-10-23 14:06:02;2020-10-13T18:04:42Z;01:24:45;38;782;b8003037;76;152;183;245
ACTIVITY;200;2020-10-23 14:06:02;2020-10-12T18:08:50Z;01:22:36;37;787;b8003037;74;155;196;257
ACTIVITY;200;2020-10-23 14:06:02;2020-10-10T07:32:50Z;07:48:52;145;3823;b7481036;65;140;;
ACTIVITY;200;2020-10-23 14:06:02;2020-10-08T18:13:22Z;01:22:05;38;827;b8003037;77;157;194;252
ACTIVITY;200;2020-10-23 14:06:02;2020-10-07T18:05:51Z;01:09:46;35;354;b8003037;81;147;158;221
ACTIVITY;200;2020-10-23 14:06:02;2020-10-06T18:03:02Z;01:18:29;38;677;b8003037;78;156;184;250
ACTIVITY;200;2020-10-23 14:06:02;2020-10-05T18:12:32Z;01:21:21;34;738;b8003037;74;146;163;224
ACTIVITY;200;2020-10-23 14:06:02;2020-10-04T07:53:53Z;04:31:16;104;2673;b8003037;73;148;162;206
ACTIVITY;200;2020-10-23 14:06:02;2020-10-03T15:13:28Z;01:56:55;57;469;b8003037;82;151;160;216
ACTIVITY;200;2020-10-23 14:06:02;2020-10-01T18:14:19Z;01:13:01;33;713;b8003037;77;152;175;252
ACTIVITY;200;2020-10-23 14:06:02;2020-09-30T18:13:19Z;01:05:38;32;243;b8003037;82;137;146;188
ACTIVITY;200;2020-10-23 14:06:02;2020-09-29T18:09:47Z;01:13:01;34;639;b8003037;79;155;189;244
ACTIVITY;200;2020-10-23 14:06:02;2020-09-28T18:26:16Z;01:02:11;27;499;b8003037;74;143;160;228
ACTIVITY;200;2020-10-23 14:06:02;2020-09-27T07:41:04Z;03:29:48;100;1022;b8003037;80;143;150;188
ACTIVITY;200;2020-10-23 14:06:02;2020-09-26T06:24:03Z;07:50:31;171;4016;b8003037;73;146;143;192
ACTIVITY;200;2020-10-23 14:06:02;2020-09-25T07:40:29Z;01:01:42;30;267;b8003037;82;151;150;191
ACTIVITY;200;2020-10-23 14:06:02;2020-09-24T07:27:00Z;01:02:11;22;320;b7481036;73;135;;
ACTIVITY;200;2020-10-23 14:06:02;2020-09-23T18:28:57Z;01:07:54;19;553;b7481036;62;131;;
ACTIVITY;200;2020-10-23 14:06:02;2020-09-22T09:10:27Z;03:41:47;67;1802;b7481036;64;138;;
ACTIVITY;200;2020-10-23 14:06:02;2020-09-22T07:06:05Z;00:42:57;21;211;b8003037;82;148;158;206
ACTIVITY;200;2020-10-23 14:06:02;2020-09-20T12:05:32Z;01:15:39;31;727;b8003037;75;144;169;208
ACTIVITY;200;2020-10-23 14:06:02;2020-09-19T09:00:09Z;04:02:50;111;1740;b8003037;78;150;180;210
ACTIVITY;200;2020-10-23 14:18:09;2020-10-23T07:42:03Z;01:00:48;18;465;b7481036;65;;;
ACTIVITY;200;2020-10-23 14:18:09;2020-10-22T13:07:22Z;01:00:16;28;575;b8003037;77;;173;242
ACTIVITY;200;2020-10-23 14:18:09;2020-10-21T07:30:31Z;01:22:28;24;602;b7481036;65;;;
ACTIVITY;200;2020-10-23 14:18:09;2020-10-20T07:52:00Z;01:00:05;11;290;g7147899;;;;
ACTIVITY;200;2020-10-23 14:18:09;2020-10-18T08:54:45Z;07:00:40;145;3642;b8003037;68;;140;189
ACTIVITY;200;2020-10-23 14:18:09;2020-10-17T06:44:57Z;07:50:38;191;3584;b8003037;71;143;156;207
ACTIVITY;200;2020-10-23 14:18:09;2020-10-16T06:50:32Z;01:29:28;26;621;b7481036;67;132;;
ACTIVITY;200;2020-10-23 14:18:09;2020-10-14T18:12:09Z;01:10:59;25;367;b8003037;70;127;;
ACTIVITY;200;2020-10-23 14:18:09;2020-10-13T18:04:42Z;01:24:45;38;782;b8003037;76;152;183;245
ACTIVITY;200;2020-10-23 14:18:09;2020-10-12T18:08:50Z;01:22:36;37;787;b8003037;74;155;196;257
ACTIVITY;200;2020-10-23 14:18:09;2020-10-10T07:32:50Z;07:48:52;145;3823;b7481036;65;140;;
ACTIVITY;200;2020-10-23 14:18:09;2020-10-08T18:13:22Z;01:22:05;38;827;b8003037;77;157;194;252
ACTIVITY;200;2020-10-23 14:18:09;2020-10-07T18:05:51Z;01:09:46;35;354;b8003037;81;147;158;221
ACTIVITY;200;2020-10-23 14:18:09;2020-10-06T18:03:02Z;01:18:29;38;677;b8003037;78;156;184;250
ACTIVITY;200;2020-10-23 14:18:09;2020-10-05T18:12:32Z;01:21:21;34;738;b8003037;74;146;163;224
ACTIVITY;200;2020-10-23 14:18:09;2020-10-04T07:53:53Z;04:31:16;104;2673;b8003037;73;148;162;206
ACTIVITY;200;2020-10-23 14:18:09;2020-10-03T15:13:28Z;01:56:55;57;469;b8003037;82;151;160;216
ACTIVITY;200;2020-10-23 14:18:09;2020-10-01T18:14:19Z;01:13:01;33;713;b8003037;77;152;175;252
ACTIVITY;200;2020-10-23 14:18:09;2020-09-30T18:13:19Z;01:05:38;32;243;b8003037;82;137;146;188
ACTIVITY;200;2020-10-23 14:18:09;2020-09-29T18:09:47Z;01:13:01;34;639;b8003037;79;155;189;244
ACTIVITY;200;2020-10-23 14:18:09;2020-09-28T18:26:16Z;01:02:11;27;499;b8003037;74;143;160;228
ACTIVITY;200;2020-10-23 14:18:09;2020-09-27T07:41:04Z;03:29:48;100;1022;b8003037;80;143;150;188
ACTIVITY;200;2020-10-23 14:18:09;2020-09-26T06:24:03Z;07:50:31;171;4016;b8003037;73;146;143;192
ACTIVITY;200;2020-10-23 14:18:09;2020-09-25T07:40:29Z;01:01:42;30;267;b8003037;82;151;150;191
ACTIVITY;200;2020-10-23 14:18:09;2020-09-24T07:27:00Z;01:02:11;22;320;b7481036;73;135;;
ACTIVITY;200;2020-10-23 14:18:09;2020-09-23T18:28:57Z;01:07:54;19;553;b7481036;62;131;;
ACTIVITY;200;2020-10-23 14:18:09;2020-09-22T09:10:27Z;03:41:47;67;1802;b7481036;64;138;;
ACTIVITY;200;2020-10-23 14:18:09;2020-09-22T07:06:05Z;00:42:57;21;211;b8003037;82;148;158;206
ACTIVITY;200;2020-10-23 14:18:09;2020-09-20T12:05:32Z;01:15:39;31;727;b8003037;75;144;169;208
ACTIVITY;200;2020-10-23 14:18:09;2020-09-19T09:00:09Z;04:02:50;111;1740;b8003037;78;150;180;210
ACTIVITY;200;2020-10-23 14:19:49;2020-10-23T07:42:03Z;01:00:48;18;465;b7481036;65;;;
ACTIVITY;200;2020-10-23 14:19:49;2020-10-22T13:07:22Z;01:00:16;28;575;b8003037;77;;173;242
ACTIVITY;200;2020-10-23 14:19:49;2020-10-21T07:30:31Z;01:22:28;24;602;b7481036;65;;;
ACTIVITY;200;2020-10-23 14:19:49;2020-10-20T07:52:00Z;01:00:05;11;290;g7147899;;;;
ACTIVITY;200;2020-10-23 14:19:49;2020-10-18T08:54:45Z;07:00:40;145;3642;b8003037;68;;140;189
ACTIVITY;200;2020-10-23 14:19:49;2020-10-17T06:44:57Z;07:50:38;191;3584;b8003037;71;143;156;207
ACTIVITY;200;2020-10-23 14:19:49;2020-10-16T06:50:32Z;01:29:28;26;621;b7481036;67;132;;
ACTIVITY;200;2020-10-23 14:19:49;2020-10-14T18:12:09Z;01:10:59;25;367;b8003037;70;127;;
ACTIVITY;200;2020-10-23 14:19:49;2020-10-13T18:04:42Z;01:24:45;38;782;b8003037;76;152;183;245
ACTIVITY;200;2020-10-23 14:19:49;2020-10-12T18:08:50Z;01:22:36;37;787;b8003037;74;155;196;257
ACTIVITY;200;2020-10-23 14:19:49;2020-10-10T07:32:50Z;07:48:52;145;3823;b7481036;65;140;;
ACTIVITY;200;2020-10-23 14:19:49;2020-10-08T18:13:22Z;01:22:05;38;827;b8003037;77;157;194;252
ACTIVITY;200;2020-10-23 14:19:49;2020-10-07T18:05:51Z;01:09:46;35;354;b8003037;81;147;158;221
ACTIVITY;200;2020-10-23 14:19:49;2020-10-06T18:03:02Z;01:18:29;38;677;b8003037;78;156;184;250
ACTIVITY;200;2020-10-23 14:19:49;2020-10-05T18:12:32Z;01:21:21;34;738;b8003037;74;146;163;224
ACTIVITY;200;2020-10-23 14:19:49;2020-10-04T07:53:53Z;04:31:16;104;2673;b8003037;73;148;162;206
ACTIVITY;200;2020-10-23 14:19:49;2020-10-03T15:13:28Z;01:56:55;57;469;b8003037;82;151;160;216
ACTIVITY;200;2020-10-23 14:19:49;2020-10-01T18:14:19Z;01:13:01;33;713;b8003037;77;152;175;252
ACTIVITY;200;2020-10-23 14:19:49;2020-09-30T18:13:19Z;01:05:38;32;243;b8003037;82;137;146;188
ACTIVITY;200;2020-10-23 14:19:49;2020-09-29T18:09:47Z;01:13:01;34;639;b8003037;79;155;189;244
ACTIVITY;200;2020-10-23 14:19:49;2020-09-28T18:26:16Z;01:02:11;27;499;b8003037;74;143;160;228
ACTIVITY;200;2020-10-23 14:19:49;2020-09-27T07:41:04Z;03:29:48;100;1022;b8003037;80;143;150;188
ACTIVITY;200;2020-10-23 14:19:49;2020-09-26T06:24:03Z;07:50:31;171;4016;b8003037;73;146;143;192
ACTIVITY;200;2020-10-23 14:19:49;2020-09-25T07:40:29Z;01:01:42;30;267;b8003037;82;151;150;191
ACTIVITY;200;2020-10-23 14:19:49;2020-09-24T07:27:00Z;01:02:11;22;320;b7481036;73;135;;
ACTIVITY;200;2020-10-23 14:19:49;2020-09-23T18:28:57Z;01:07:54;19;553;b7481036;62;131;;
ACTIVITY;200;2020-10-23 14:19:49;2020-09-22T09:10:27Z;03:41:47;67;1802;b7481036;64;138;;
ACTIVITY;200;2020-10-23 14:19:49;2020-09-22T07:06:05Z;00:42:57;21;211;b8003037;82;148;158;206
ACTIVITY;200;2020-10-23 14:19:49;2020-09-20T12:05:32Z;01:15:39;31;727;b8003037;75;144;169;208
ACTIVITY;200;2020-10-23 14:19:49;2020-09-19T09:00:09Z;04:02:50;111;1740;b8003037;78;150;180;210
ACTIVITY;200;2020-11-02 20:02:30;2020-11-01T08:52:34Z;03:34:09;102;1367;b8003037;77;145;159;208
ACTIVITY;200;2020-11-02 20:02:30;2020-10-31T07:05:29Z;07:56:45;164;3054;b7481036;68;138;;
ACTIVITY;200;2020-11-02 20:02:30;2020-10-30T12:39:09Z;01:06:04;28;693;b8003037;72;154;178;222
ACTIVITY;200;2020-11-02 20:02:30;2020-10-29T11:54:42Z;01:00:20;27;448;b8003037;76;154;152;224
ACTIVITY;200;2020-11-02 20:02:30;2020-10-28T18:23:05Z;01:09:49;21;560;b7481036;65;135;;
ACTIVITY;200;2020-11-02 20:02:30;2020-10-27T18:37:32Z;01:01:51;12;330;g7147899;;155;;
ACTIVITY;200;2020-11-02 20:02:30;2020-10-25T07:51:33Z;05:15:55;122;1679;b8003037;72;134;141;155
ACTIVITY;200;2020-11-02 20:02:30;2020-10-24T09:04:31Z;11:25:57;316;869;b8003037;75;143;145;155
ACTIVITY;200;2020-11-02 20:02:30;2020-10-23T07:42:03Z;01:00:48;18;465;b7481036;65;;;
ACTIVITY;200;2020-11-02 20:02:30;2020-10-22T13:07:22Z;01:00:16;28;575;b8003037;77;;173;242
ACTIVITY;200;2020-11-02 20:02:30;2020-10-21T07:30:31Z;01:22:28;24;602;b7481036;65;;;
ACTIVITY;200;2020-11-02 20:02:30;2020-10-20T07:52:00Z;01:00:05;11;290;g7147899;;;;
ACTIVITY;200;2020-11-02 20:02:30;2020-10-18T08:54:45Z;07:00:40;145;3642;b8003037;68;;140;189
ACTIVITY;200;2020-11-02 20:02:30;2020-10-17T06:44:57Z;07:50:38;191;3584;b8003037;71;143;156;207
ACTIVITY;200;2020-11-02 20:02:30;2020-10-16T06:50:32Z;01:29:28;26;621;b7481036;67;132;;
ACTIVITY;200;2020-11-02 20:02:30;2020-10-14T18:12:09Z;01:10:59;25;367;b8003037;70;127;;
ACTIVITY;200;2020-11-02 20:02:30;2020-10-13T18:04:42Z;01:24:45;38;782;b8003037;76;152;183;245
ACTIVITY;200;2020-11-02 20:02:30;2020-10-12T18:08:50Z;01:22:36;37;787;b8003037;74;155;196;257
ACTIVITY;200;2020-11-02 20:02:30;2020-10-10T07:32:50Z;07:48:52;145;3823;b7481036;65;140;;
ACTIVITY;200;2020-11-02 20:02:30;2020-10-08T18:13:22Z;01:22:05;38;827;b8003037;77;157;194;252
ACTIVITY;200;2020-11-02 20:02:30;2020-10-07T18:05:51Z;01:09:46;35;354;b8003037;81;147;158;221
ACTIVITY;200;2020-11-02 20:02:30;2020-10-06T18:03:02Z;01:18:29;38;677;b8003037;78;156;184;250
ACTIVITY;200;2020-11-02 20:02:30;2020-10-05T18:12:32Z;01:21:21;34;738;b8003037;74;146;163;224
ACTIVITY;200;2020-11-02 20:02:30;2020-10-04T07:53:53Z;04:31:16;104;2673;b8003037;73;148;162;206
ACTIVITY;200;2020-11-02 20:02:30;2020-10-03T15:13:28Z;01:56:55;57;469;b8003037;82;151;160;216
ACTIVITY;200;2020-11-02 20:02:30;2020-10-01T18:14:19Z;01:13:01;33;713;b8003037;77;152;175;252
ACTIVITY;200;2020-11-02 20:02:30;2020-09-30T18:13:19Z;01:05:38;32;243;b8003037;82;137;146;188
ACTIVITY;200;2020-11-02 20:02:30;2020-09-29T18:09:47Z;01:13:01;34;639;b8003037;79;155;189;244
ACTIVITY;200;2020-11-02 20:02:30;2020-09-28T18:26:16Z;01:02:11;27;499;b8003037;74;143;160;228
ACTIVITY;200;2020-11-02 20:02:30;2020-09-27T07:41:04Z;03:29:48;100;1022;b8003037;80;143;150;188
ACTIVITY;200;2020-11-03 21:21:20;2020-11-01T08:52:34Z;03:34:09;102;1367;b8003037;77;145;159;208
ACTIVITY;200;2020-11-03 21:21:20;2020-10-31T07:05:29Z;07:56:45;164;3054;b7481036;68;138;;
ACTIVITY;200;2020-11-03 21:21:20;2020-10-30T12:39:09Z;01:06:04;28;693;b8003037;72;154;178;222
ACTIVITY;200;2020-11-03 21:21:20;2020-10-29T11:54:42Z;01:00:20;27;448;b8003037;76;154;152;224
ACTIVITY;200;2020-11-03 21:21:20;2020-10-28T18:23:05Z;01:09:49;21;560;b7481036;65;135;;
ACTIVITY;200;2020-11-03 21:21:20;2020-10-27T18:37:32Z;01:01:51;12;330;g7147899;;155;;
ACTIVITY;200;2020-11-03 21:21:20;2020-10-25T07:51:33Z;05:15:55;122;1679;b8003037;72;134;141;155
ACTIVITY;200;2020-11-03 21:21:20;2020-10-24T09:04:31Z;11:25:57;316;869;b8003037;75;143;145;155
ACTIVITY;200;2020-11-03 21:21:20;2020-10-23T07:42:03Z;01:00:48;18;465;b7481036;65;;;
ACTIVITY;200;2020-11-03 21:21:20;2020-10-22T13:07:22Z;01:00:16;28;575;b8003037;77;;173;242
ACTIVITY;200;2020-11-03 21:21:20;2020-10-21T07:30:31Z;01:22:28;24;602;b7481036;65;;;
ACTIVITY;200;2020-11-03 21:21:20;2020-10-20T07:52:00Z;01:00:05;11;290;g7147899;;;;
ACTIVITY;200;2020-11-03 21:21:20;2020-10-18T08:54:45Z;07:00:40;145;3642;b8003037;68;;140;189
ACTIVITY;200;2020-11-03 21:21:20;2020-10-17T06:44:57Z;07:50:38;191;3584;b8003037;71;143;156;207
ACTIVITY;200;2020-11-03 21:21:20;2020-10-16T06:50:32Z;01:29:28;26;621;b7481036;67;132;;
ACTIVITY;200;2020-11-03 21:21:20;2020-10-14T18:12:09Z;01:10:59;25;367;b8003037;70;127;;
ACTIVITY;200;2020-11-03 21:21:20;2020-10-13T18:04:42Z;01:24:45;38;782;b8003037;76;152;183;245
ACTIVITY;200;2020-11-03 21:21:20;2020-10-12T18:08:50Z;01:22:36;37;787;b8003037;74;155;196;257
ACTIVITY;200;2020-11-03 21:21:20;2020-10-10T07:32:50Z;07:48:52;145;3823;b7481036;65;140;;
ACTIVITY;200;2020-11-03 21:21:20;2020-10-08T18:13:22Z;01:22:05;38;827;b8003037;77;157;194;252
ACTIVITY;200;2020-11-03 21:21:20;2020-10-07T18:05:51Z;01:09:46;35;354;b8003037;81;147;158;221
ACTIVITY;200;2020-11-03 21:21:20;2020-10-06T18:03:02Z;01:18:29;38;677;b8003037;78;156;184;250
ACTIVITY;200;2020-11-03 21:21:20;2020-10-05T18:12:32Z;01:21:21;34;738;b8003037;74;146;163;224
ACTIVITY;200;2020-11-03 21:21:20;2020-10-04T07:53:53Z;04:31:16;104;2673;b8003037;73;148;162;206
ACTIVITY;200;2020-11-03 21:21:20;2020-10-03T15:13:28Z;01:56:55;57;469;b8003037;82;151;160;216
ACTIVITY;200;2020-11-03 21:21:20;2020-10-01T18:14:19Z;01:13:01;33;713;b8003037;77;152;175;252
ACTIVITY;200;2020-11-03 21:21:20;2020-09-30T18:13:19Z;01:05:38;32;243;b8003037;82;137;146;188
ACTIVITY;200;2020-11-03 21:21:20;2020-09-29T18:09:47Z;01:13:01;34;639;b8003037;79;155;189;244
ACTIVITY;200;2020-11-03 21:21:20;2020-09-28T18:26:16Z;01:02:11;27;499;b8003037;74;143;160;228
ACTIVITY;200;2020-11-03 21:23:13;2020-11-03T12:25:06Z;01:01:08;12;379;g7147899;;146;;
ACTIVITY;200;2020-11-10 19:03:54;2020-11-09T18:39:37Z;00:51:09;11;126;g7147899;;148;;
ACTIVITY;200;2020-11-10 19:03:54;2020-11-08T06:59:38Z;06:04:26;107;2591;b7481036;66;132;;
ACTIVITY;200;2020-11-10 19:03:54;2020-11-07T08:17:20Z;05:00:55;140;2187;b8003037;76;150;158;202
ACTIVITY;200;2020-11-10 19:03:54;2020-11-06T07:32:29Z;01:02:34;23;350;b7481036;75;136;;
ACTIVITY;200;2020-11-10 19:03:54;2020-11-05T07:30:17Z;01:03:42;29;401;b8003037;74;149;148;216
ACTIVITY;200;2020-11-10 19:03:54;2020-11-04T07:29:28Z;01:03:11;28;647;b8003037;73;155;180;249
ACTIVITY;200;2020-11-14 17:36:39;2020-11-14T14:52:16Z;00:18:14;7;63;;65;;;
ACTIVITY;200;2020-11-14 17:36:39;2020-11-14T08:34:17Z;02:53:56;56;1053;b7481036;69;134;;
ACTIVITY;200;2020-11-14 17:36:39;2020-11-13T12:21:40Z;01:01:02;22;400;b7481036;73;133;;
ACTIVITY;200;2020-11-14 17:36:39;2020-11-12T12:12:44Z;01:01:09;25;609;b8003037;74;148;173;207
ACTIVITY;200;2020-11-14 17:36:39;2020-11-11T12:08:13Z;01:00:28;28;315;b8003037;78;138;154;182
ACTIVITY;200;2020-11-24 06:16:48;2020-11-22T08:14:24Z;07:17:07;141;2534;b7481036;66;127;;
ACTIVITY;200;2020-11-24 06:16:48;2020-11-21T17:24:46Z;00:20:53;8;55;b7481036;56;;;
ACTIVITY;200;2020-11-24 06:16:48;2020-11-21T08:05:45Z;06:16:12;108;2874;b7481036;65;140;;
ACTIVITY;200;2020-11-24 06:16:48;2020-11-20T13:01:51Z;01:01:41;22;325;b7481036;74;122;;
ACTIVITY;200;2020-11-24 06:16:48;2020-11-19T13:01:32Z;01:00:15;30;637;b8003037;77;166;221;258
ACTIVITY;200;2020-11-24 06:16:48;2020-11-18T12:47:22Z;01:01:07;32;288;b8003037;79;148;173;226
ACTIVITY;200;2020-11-24 06:16:48;2020-11-17T12:21:32Z;01:01:46;32;274;b8003037;82;146;173;219
ACTIVITY;200;2020-11-24 06:16:48;2020-11-16T12:51:22Z;01:00:33;27;352;b8003037;79;138;151;176
ACTIVITY;200;2020-11-24 06:16:48;2020-11-15T08:09:04Z;06:23:33;158;3063;b8003037;75;141;150;178
ACTIVITY;200;2020-12-01 08:13:17;2020-11-30T19:15:17Z;01:01:14;37;365;;81;137;183;210
ACTIVITY;200;2020-12-01 08:13:17;2020-11-29T07:32:32Z;07:59:08;156;3171;b7481036;67;141;;
ACTIVITY;200;2020-12-01 08:13:17;2020-11-28T08:56:36Z;05:40:03;99;2866;b7481036;66;145;;
ACTIVITY;200;2020-12-01 08:13:17;2020-11-27T19:44:29Z;01:00:42;33;555;;85;154;185;200
ACTIVITY;200;2020-12-01 08:13:17;2020-11-26T19:44:14Z;01:00:38;29;578;;81;144;180;184
ACTIVITY;200;2020-12-01 08:13:17;2020-11-25T19:35:05Z;01:02:04;31;685;;82;154;195;218
ACTIVITY;200;2020-12-01 08:13:17;2020-11-24T19:44:02Z;01:01:44;37;435;;81;148;191;223
ACTIVITY;200;2020-12-06 17:53:22;2020-12-06T08:54:29Z;02:21:26;42;1237;b7481036;67;147;;
ACTIVITY;200;2020-12-06 17:53:22;2020-12-05T16:34:20Z;01:32:48;52;1028;;82;164;217;245
ACTIVITY;200;2020-12-06 17:53:22;2020-12-04T19:23:51Z;01:01:16;31;279;;86;145;171;174
ACTIVITY;200;2020-12-06 17:53:22;2020-12-03T18:56:20Z;01:01:10;34;286;;88;131;164;170
ACTIVITY;200;2020-12-06 17:53:22;2020-12-02T19:34:45Z;01:01:44;36;653;;85;161;224;251
ACTIVITY;200;2020-12-06 17:53:22;2020-12-01T19:48:52Z;01:01:46;38;273;;85;142;185;207
